SAMPLES,c1_14614,c1_15225,c1_2071,c1_2086,c1_2090,c1_3746,c1_5126,c1_513,c1_5580,c1_6668,c1_7624,c2_17061,c2_1908,c2_22165,c2_22186,c2_22758,c2_33777,c2_34546,c2_3512,c2_40765,c2_45611,c2_46398,c2_49724,c2_52196,c2_52203,c2_53708,c2_54811,c2_55639,c2_56602,c2_5771,c2_5784,c2_5845,c2_5868,c2_8508,c2_8515
15060021,1,1,4,4,4,3,4,0,2,4,0,2,3,0,4,4,4,2,3,3,4,2,3,0,4,1,2,2,1,4,4,4,4,3,3
15060027,1,1,4,4,4,4,3,3,1,4,0,3,3,2,2,2,4,1,3,3,3,1,3,0,4,2,3,4,2,4,4,4,4,4,4
15060039,1,1,3,3,3,4,4,0,1,4,0,3,3,0,4,2,3,0,3,3,3,2,3,0,4,2,0,2,1,3,3,3,3,3,3
15060042,2,2,4,4,4,4,4,2,1,4,0,3,4,1,3,3,4,1,4,3,4,2,4,0,4,1,2,4,0,4,4,4,4,3,3
15060050,3,2,3,3,3,3,2,3,0,4,0,4,4,1,3,2,3,1,4,4,3,3,4,1,3,2,3,4,0,3,3,3,3,4,4
15060056,4,1,4,4,4,4,4,4,2,4,0,2,NA,0,4,2,4,3,3,4,2,0,3,0,4,3,2,3,0,4,4,4,4,4,4
15060063,3,1,4,4,4,4,4,4,1,4,0,3,3,1,3,4,4,1,2,2,3,0,3,1,3,1,3,4,2,4,4,4,4,4,4
15060070,0,2,4,4,4,4,4,2,1,4,0,3,3,1,3,3,4,0,2,4,4,2,4,1,3,2,3,3,1,4,4,4,4,4,4
15060072,2,2,3,4,4,3,4,2,2,3,1,2,NA,1,3,2,4,2,4,4,3,3,3,0,4,2,1,4,2,3,3,4,4,4,4
15060082,1,1,4,4,4,4,3,4,0,4,0,4,2,1,3,2,4,1,2,4,4,1,3,0,4,3,3,3,0,4,4,4,4,4,4
15060085,1,1,4,4,4,2,4,3,0,4,0,4,3,2,2,2,4,0,2,4,3,0,4,0,4,1,1,3,0,4,4,4,4,4,4
15060097,1,1,2,2,2,4,4,1,0,4,1,4,4,2,2,2,2,1,4,4,2,2,3,0,4,3,2,1,0,2,2,2,2,4,4
15060101,2,2,4,4,4,3,4,3,0,4,1,4,3,2,2,4,4,1,3,3,4,3,4,1,3,1,2,3,0,4,4,4,4,4,4
15060102,0,2,4,4,4,4,4,3,1,4,0,3,3,2,2,3,4,0,3,3,4,2,3,0,4,2,0,3,0,4,4,4,4,3,3
15060110,0,2,4,4,4,4,4,2,1,4,0,3,3,1,3,3,4,0,2,4,4,2,4,1,3,2,3,3,1,4,4,4,4,4,4
15060112,0,2,4,4,4,4,4,2,2,4,0,2,3,2,2,2,4,0,2,4,3,2,3,0,4,2,2,3,1,4,4,4,4,4,4
15060114,0,3,3,3,3,2,4,3,1,4,0,3,3,1,3,2,3,0,2,4,3,4,3,0,4,3,3,3,1,3,3,3,3,4,4
15060120,1,1,4,4,4,4,4,3,2,4,0,2,3,1,3,2,4,3,3,2,4,1,4,0,4,4,3,2,0,4,4,4,4,4,4
15060121,2,2,4,4,4,4,2,4,2,4,0,2,2,1,3,3,4,1,1,4,3,2,3,0,4,2,2,4,1,4,4,4,4,4,4
15060122,3,2,3,3,3,3,2,3,0,4,0,4,4,1,3,2,3,1,4,4,3,3,4,1,3,2,3,4,0,3,3,3,3,4,4
15060138,2,1,4,4,4,4,4,1,2,4,0,2,3,0,4,3,4,0,2,3,4,3,4,0,4,3,4,3,1,4,4,4,4,4,4
15060160,3,2,3,3,3,3,2,3,0,4,0,4,4,1,3,2,3,1,4,4,3,3,4,1,3,2,3,4,0,3,3,3,3,4,4
15060187,1,2,4,4,4,2,4,2,0,4,0,4,3,1,3,2,4,2,3,4,4,3,3,0,4,2,3,4,1,4,4,4,4,4,4
15060188,0,2,4,4,4,4,4,2,1,4,NA,3,3,1,3,3,4,0,2,3,4,2,4,1,3,2,3,3,1,4,4,4,4,4,4
15060190,2,2,4,4,4,4,4,2,1,4,0,3,4,0,4,2,4,0,1,4,3,2,3,0,4,2,3,2,1,4,4,4,4,4,4
15060191,1,0,4,4,4,4,3,3,0,4,1,4,4,1,3,3,4,1,2,3,3,2,4,0,4,2,3,2,0,4,4,4,4,4,4
15060215,0,3,3,3,3,2,4,3,1,4,0,3,3,1,3,2,3,0,2,4,3,4,3,0,4,3,3,3,1,3,3,3,3,4,4
15060313,0,2,3,3,3,1,3,1,1,4,0,3,4,0,4,2,3,1,2,1,4,2,3,0,4,4,3,2,0,3,3,3,3,4,4
15060345,2,2,4,4,4,4,4,4,1,3,0,3,3,2,2,1,4,0,2,4,4,3,3,0,4,2,2,3,1,4,4,4,4,4,4
15060383,0,2,3,3,3,1,3,1,1,4,0,3,4,0,4,2,3,1,2,1,4,2,3,0,4,4,3,2,0,3,3,3,3,4,4
15060420,2,2,4,4,4,4,4,4,1,3,0,3,3,2,2,1,4,0,2,4,4,3,3,0,4,2,2,3,1,4,4,4,4,4,4
15060543,2,0,4,4,4,3,3,2,1,3,0,3,3,0,4,4,4,3,2,4,3,3,4,1,3,3,2,3,1,4,4,4,4,4,4
15060570,1,1,4,4,4,2,3,4,1,4,0,3,4,1,3,3,4,2,3,4,4,1,4,0,4,2,2,2,0,4,4,4,4,4,4
15060797,3,0,4,4,4,2,3,1,1,3,0,3,2,0,4,3,4,3,2,2,3,0,4,0,4,3,2,3,0,4,4,4,4,4,4
15060846,3,2,3,3,3,3,2,3,0,4,0,4,4,1,3,2,3,1,4,4,3,3,4,1,3,2,3,4,0,3,3,3,3,4,4
15060907,3,2,4,4,4,2,3,4,0,4,1,4,4,1,2,2,4,1,3,2,3,3,3,0,4,2,2,3,0,4,4,4,4,4,4
15060909,1,1,2,2,2,4,3,2,0,4,0,4,3,1,3,1,2,1,2,3,2,3,4,0,4,3,2,2,0,2,2,2,2,4,4
15060910,0,3,4,4,4,3,3,3,1,4,0,3,4,1,3,2,4,0,3,3,4,2,4,0,4,3,3,3,1,4,4,4,4,4,4
15061007,0,1,4,4,4,3,4,4,1,3,0,3,2,0,4,4,4,2,2,4,4,1,2,0,4,0,1,4,1,4,4,4,4,2,2
15061011,1,1,4,4,4,4,3,2,1,4,0,3,2,1,3,3,4,0,1,3,3,2,3,0,4,2,2,2,0,4,4,4,4,4,4
15061122,3,2,3,3,3,3,2,3,0,4,0,4,4,1,3,2,3,1,4,4,3,3,4,1,3,2,3,4,0,3,3,3,3,4,4
15061204,3,4,4,4,4,2,4,2,2,4,0,2,2,0,4,3,4,2,2,4,1,1,3,0,4,1,0,4,1,4,4,4,4,4,4
15061213,1,1,3,3,3,4,4,0,1,4,0,3,3,0,4,2,3,0,3,3,3,2,3,0,4,2,0,2,1,3,3,3,3,3,3
15061215,1,1,3,3,3,4,4,0,1,4,0,3,3,0,4,2,3,0,3,3,3,2,3,0,4,2,0,2,1,3,3,3,3,3,3
15061216,2,1,4,4,4,4,4,3,2,4,0,2,NA,0,4,3,4,2,2,4,3,0,3,1,3,3,2,4,0,4,4,4,4,3,3
15061225,0,3,3,3,3,2,4,3,1,4,0,3,3,1,3,2,3,0,2,4,3,4,3,0,4,3,3,3,1,3,3,3,3,4,4
15061226,1,0,4,4,4,3,4,4,2,4,0,2,4,1,3,4,4,3,2,4,3,0,4,0,4,2,2,3,0,4,4,4,4,3,3
15061237,2,0,4,4,4,3,3,2,1,3,0,3,3,0,4,4,4,3,2,4,3,3,4,1,3,3,2,3,1,4,4,4,4,4,4
15061256,3,1,4,4,4,4,3,3,1,4,0,3,3,0,4,3,4,2,0,4,2,2,2,0,4,1,1,3,1,4,4,4,4,3,3
15061257,1,0,4,4,4,4,3,1,1,4,0,3,3,0,4,3,4,2,3,3,4,4,4,1,3,2,1,2,0,4,4,4,4,4,4
15061258,0,1,4,4,4,3,4,2,0,4,0,4,4,1,3,1,4,2,3,4,4,2,3,0,4,2,1,2,0,4,4,4,4,4,4
15061259,0,2,4,4,4,4,4,2,1,4,0,3,3,1,3,3,4,0,2,4,4,2,4,1,3,2,3,3,1,4,4,4,4,4,4
15061261,1,1,4,4,4,4,3,2,1,4,0,3,2,1,3,3,4,0,1,3,3,2,3,0,4,2,2,2,0,4,4,4,4,4,4
15061262,2,2,4,4,4,3,4,3,0,4,1,4,3,2,2,4,4,1,3,3,4,3,4,1,3,1,2,3,0,4,4,4,4,4,4
15061263,2,3,4,4,4,3,4,3,0,4,1,4,3,2,2,4,4,1,3,4,4,4,4,0,4,1,1,2,0,4,4,4,4,4,4
15061264,2,2,4,4,4,3,4,3,0,4,1,4,3,1,2,3,4,1,3,3,4,3,4,1,3,1,2,3,NA,4,4,4,4,4,4
15061265,2,2,4,4,4,4,2,4,2,4,0,2,3,1,3,2,4,0,1,4,2,2,3,0,4,3,2,3,0,4,4,4,4,4,4
15061270,0,1,4,4,4,4,4,3,1,4,0,3,4,0,4,2,4,0,2,4,2,3,3,0,4,3,2,2,1,4,4,4,4,4,4
15061271,2,1,4,4,4,3,4,4,2,4,0,2,NA,2,2,3,4,1,2,3,3,2,2,2,2,3,2,4,0,4,4,4,4,4,4
15061273,2,2,4,4,4,4,2,4,2,4,0,2,3,1,3,2,4,0,1,4,2,2,3,0,4,3,2,3,0,4,4,4,4,4,4
15061274,2,2,4,4,4,4,3,3,2,4,0,2,4,2,2,3,4,1,3,4,3,3,3,0,4,0,0,4,0,4,4,4,4,3,3
15061277,0,1,3,3,3,4,4,3,1,4,1,3,4,1,3,3,3,2,3,2,4,3,3,1,3,1,2,3,0,3,3,3,3,4,4
15061279,0,3,4,4,4,4,4,2,2,4,0,2,3,2,2,3,4,1,3,4,2,3,3,0,4,3,3,3,2,4,4,4,4,4,4
15061281,1,1,3,3,3,4,4,0,1,4,0,3,3,0,4,2,3,0,3,3,3,2,3,0,4,2,0,2,1,3,3,3,3,3,3
15061283,0,2,4,4,4,4,4,2,2,4,0,2,3,2,2,2,4,0,2,4,3,2,3,0,4,2,2,3,1,4,4,4,4,4,4
15061286,2,1,4,4,4,3,4,4,2,4,0,2,NA,2,2,3,4,1,2,3,3,2,2,2,2,3,2,4,0,4,4,4,4,4,4
15061288,1,1,3,3,3,4,4,0,1,4,0,3,3,0,4,2,3,0,3,3,3,2,3,0,4,2,0,2,1,3,3,3,3,3,3
15061289,1,1,3,3,3,4,4,0,1,4,0,3,3,0,4,2,3,0,3,3,3,2,3,0,4,2,0,2,1,3,3,3,3,3,3
15061290,2,0,3,3,3,3,3,3,1,4,1,3,3,1,3,2,3,0,1,2,3,2,4,0,4,3,2,2,0,3,3,3,3,4,4
15061291,0,2,4,4,4,4,4,3,1,3,0,3,4,2,2,2,4,1,3,4,4,3,4,1,3,3,2,3,1,4,4,4,4,4,4
15061293,1,2,4,4,4,4,4,2,2,4,0,2,NA,1,3,4,4,2,1,3,3,0,4,0,4,1,2,3,0,4,4,4,4,4,4
15061295,2,2,4,4,4,3,4,2,0,4,0,4,NA,1,3,3,4,3,3,2,4,1,3,0,4,0,1,4,0,4,4,4,4,3,3
15061296,1,1,4,4,4,4,4,2,2,4,0,2,3,1,3,2,4,0,2,4,3,2,4,0,4,3,1,2,1,4,4,4,4,4,4
15061297,3,1,4,4,4,4,3,3,1,4,0,3,3,0,4,3,4,2,0,4,2,2,2,0,4,1,1,3,1,4,4,4,4,3,3
15061298,2,0,4,4,4,3,4,2,1,4,0,3,NA,2,2,3,4,1,1,3,3,1,1,0,4,3,1,3,0,4,4,4,4,4,4
15061300,1,1,4,4,4,4,3,2,0,3,0,4,4,1,3,2,4,0,2,4,4,1,4,0,4,4,4,3,0,4,4,4,4,4,4
15061301,2,0,4,4,4,3,4,2,1,4,0,3,NA,2,2,3,4,1,1,3,3,1,1,0,4,3,1,3,0,4,4,4,4,4,4
15061302,1,1,4,4,4,4,4,3,2,4,0,2,3,0,4,2,4,1,4,4,2,1,3,0,4,0,2,3,1,4,4,4,4,4,4
15061303,1,1,2,2,2,4,3,2,0,4,0,4,3,1,3,1,2,1,2,3,2,3,4,0,4,3,2,2,0,2,2,2,2,4,4
15061305,1,0,4,4,4,4,4,3,1,3,0,3,3,1,3,2,4,1,2,4,2,1,4,0,4,3,2,2,0,4,4,4,4,4,4
15061307,1,1,4,4,4,3,4,3,1,4,0,3,4,0,4,3,4,0,3,3,2,2,3,1,3,2,1,4,0,4,4,4,4,4,4
15061312,0,2,4,4,4,4,4,3,1,3,0,3,4,2,2,2,4,1,3,4,4,3,4,1,3,3,2,3,1,4,4,4,4,4,4
15061313,1,0,4,4,4,4,3,3,0,4,1,4,4,1,3,3,4,1,2,3,3,2,4,0,4,2,3,2,0,4,4,4,4,4,4
15061314,1,1,4,4,4,4,3,4,NA,4,0,NA,3,2,2,3,4,0,2,4,2,3,3,1,3,1,2,4,1,4,4,4,4,4,4
15061317,2,2,4,4,4,3,4,3,0,4,1,4,3,2,2,4,4,1,3,3,4,3,4,1,3,1,2,3,0,4,4,4,4,4,4
15061320,0,2,2,3,3,4,4,3,1,3,1,3,3,1,2,2,1,3,4,3,3,1,4,0,4,1,1,3,0,2,2,3,2,3,3
15061323,0,3,3,3,3,2,4,3,1,4,0,3,3,1,3,2,3,0,2,4,3,4,3,0,4,3,3,3,1,3,3,3,3,4,4
15061324,3,3,4,4,4,4,4,2,1,3,0,3,NA,1,3,3,4,2,3,3,4,2,2,0,4,3,1,2,2,4,4,4,4,4,4
15061327,1,1,4,4,4,4,3,2,1,4,0,2,2,1,3,3,4,0,1,3,3,2,3,0,4,2,2,3,0,4,4,4,4,4,4
15061329,1,1,4,4,4,4,4,3,1,4,0,3,2,1,3,3,4,1,0,4,2,1,3,0,4,2,2,4,2,4,4,4,4,4,4
15061330,1,3,3,3,3,2,4,1,2,4,0,2,3,1,3,2,3,1,2,3,2,3,3,1,3,3,3,3,0,3,3,3,3,4,4
15061331,2,1,4,4,4,4,3,3,0,3,0,4,3,1,3,1,4,1,1,4,3,3,4,0,4,2,2,3,0,4,4,4,4,4,4
15061335,1,2,4,4,4,4,2,3,0,4,0,4,2,1,3,2,4,0,0,3,4,1,3,0,4,3,3,4,0,4,4,4,4,4,4
15061336,1,2,4,4,4,4,4,2,1,4,0,3,3,1,3,2,4,0,1,3,3,2,3,1,3,3,2,3,1,4,4,4,4,4,4
15061340,0,2,4,4,4,4,4,2,1,4,0,3,3,1,3,3,4,0,2,4,4,2,4,1,3,2,3,3,1,4,4,4,4,4,4
15061342,0,2,4,4,4,4,4,2,2,4,0,2,3,2,2,2,4,0,2,4,3,2,3,0,4,2,2,3,1,4,4,4,4,4,4
15061344,0,3,4,4,4,3,3,2,NA,4,0,NA,3,1,3,2,4,1,2,4,3,1,3,0,4,2,2,4,1,4,4,4,4,4,4
15061345,2,2,4,4,4,4,4,4,1,3,0,3,3,2,2,1,4,0,2,4,4,3,3,0,4,2,2,3,1,4,4,4,4,4,4
15061346,2,2,4,4,4,4,4,4,1,3,0,3,3,2,2,1,4,0,2,4,4,3,3,0,4,2,2,3,1,4,4,4,4,4,4
15061347,0,1,4,4,4,3,4,1,0,4,0,4,2,0,4,4,4,2,3,4,3,2,4,0,4,1,1,3,0,4,4,4,4,3,3
15061349,2,1,4,4,4,4,2,3,2,3,0,2,4,1,3,2,4,1,0,4,4,2,3,0,4,2,2,2,1,4,4,4,4,4,4
15061352,2,1,4,4,4,4,4,3,2,4,0,2,3,3,1,1,4,1,1,4,2,1,3,1,3,2,3,4,0,4,4,4,4,4,4
15061353,0,2,4,4,4,4,4,1,2,4,0,2,3,2,2,2,4,0,2,4,3,2,3,0,4,2,2,3,1,4,4,4,4,4,4
15061355,0,2,4,4,4,4,4,2,2,4,0,2,3,2,2,2,4,0,2,4,3,2,3,0,4,2,2,3,1,4,4,4,4,4,4
15061360,0,2,4,4,4,4,4,2,2,4,0,2,3,2,2,2,4,0,2,4,3,2,3,0,4,2,2,3,1,4,4,4,4,4,4
15061364,0,2,4,4,4,4,4,1,2,4,0,2,3,2,2,2,4,0,2,4,3,2,3,0,4,2,2,3,1,4,4,4,4,4,4
15061365,1,1,3,3,3,4,4,0,1,4,0,3,3,0,4,2,3,0,3,3,3,2,3,0,4,2,0,2,1,3,3,3,3,3,3
15061367,1,1,3,3,3,4,4,0,1,4,0,3,3,0,4,2,3,0,3,3,3,2,3,0,4,2,0,2,1,3,3,3,3,3,3
15061368,2,2,4,4,4,4,2,4,2,4,0,2,2,1,3,3,4,1,1,4,3,2,3,0,4,2,2,4,1,4,4,4,4,4,4
15061369,2,2,4,4,4,4,2,4,2,4,0,2,2,1,3,3,4,1,1,4,3,2,3,0,4,2,2,4,1,4,4,4,4,4,4
15061370,2,2,4,4,4,4,4,4,1,3,0,3,3,2,2,1,4,0,2,4,4,3,3,0,4,2,2,3,1,4,4,4,4,4,4
15061377,1,1,4,4,4,4,3,2,1,4,0,3,2,1,3,3,4,0,1,3,3,2,3,0,4,2,2,2,0,4,4,4,4,4,4
15061378,1,2,4,4,4,4,2,3,0,4,0,4,2,1,3,2,4,0,0,3,4,1,3,0,4,3,3,4,0,4,4,4,4,4,4
15061380,0,1,4,4,4,3,4,1,0,4,0,4,2,0,4,4,4,2,3,4,3,2,4,0,4,1,1,3,0,4,4,4,4,3,3
15061382,0,3,3,3,3,2,4,3,1,4,0,3,3,1,3,2,3,0,2,4,3,4,3,0,4,3,3,3,1,3,3,3,3,4,4
15061383,0,2,4,4,4,4,4,2,2,4,0,2,3,2,2,2,4,0,2,4,3,2,3,0,4,2,2,3,1,4,4,4,4,4,4
15061384,0,2,4,4,4,4,4,2,1,4,0,3,3,1,3,3,4,0,2,4,4,2,4,1,3,2,3,3,1,4,4,4,4,4,4
15061385,0,2,4,4,4,4,4,2,1,4,0,3,3,1,3,3,4,0,2,4,4,2,4,1,3,2,3,3,1,4,4,4,4,4,4
15061386,2,2,4,4,4,4,2,4,2,4,0,2,2,1,3,3,4,1,1,4,3,2,3,0,4,2,2,4,1,4,4,4,4,4,4
15061388,0,2,4,4,4,4,4,4,1,4,0,3,NA,1,3,4,4,1,1,4,4,4,4,0,4,3,3,3,1,4,4,4,4,4,4
15061389,2,1,4,4,4,4,4,3,2,4,0,2,3,3,1,1,4,1,1,4,2,1,3,1,3,2,3,4,0,4,4,4,4,4,4
15061390,2,1,4,4,4,4,4,3,2,4,0,2,3,3,1,1,4,1,1,4,2,1,3,1,3,2,3,4,0,4,4,4,4,4,4
15061392,2,1,4,4,4,3,3,3,1,4,0,3,2,0,4,4,4,0,1,4,3,2,3,0,4,2,2,4,0,4,4,4,4,4,4
15061394,2,2,4,4,4,3,4,3,0,4,1,4,3,2,2,4,4,1,3,3,4,3,4,1,3,1,2,3,0,4,4,4,4,4,4
15061396,2,2,4,4,4,3,4,3,0,4,1,4,3,2,2,4,4,1,3,3,4,3,4,1,3,1,2,3,0,4,4,4,4,4,4
15061404,2,1,4,4,4,4,4,3,2,4,0,2,3,3,1,1,4,1,1,4,2,1,3,1,3,2,3,4,0,4,4,4,4,4,4
15061406,0,2,4,4,4,4,4,2,2,4,0,2,3,2,2,2,4,0,2,4,3,2,3,0,4,2,2,3,1,4,4,4,4,4,4
15061410,0,0,3,3,3,3,4,2,0,4,1,4,3,3,1,2,3,1,3,1,3,2,4,0,4,4,3,2,0,3,3,3,3,4,4
15061411,0,1,4,4,4,3,4,2,2,4,0,2,4,2,1,2,4,2,3,4,4,2,4,0,4,3,2,3,0,4,4,4,4,4,4
15061414,2,1,4,4,4,4,4,3,2,4,0,2,3,3,1,1,4,1,1,4,2,1,3,1,3,2,3,4,0,4,4,4,4,4,4
15061415,1,1,4,4,4,2,4,2,1,4,0,3,2,0,4,4,4,2,3,4,4,3,2,0,4,2,1,4,0,4,4,4,4,4,4
15061417,2,1,4,4,4,4,4,3,2,4,0,2,3,3,1,1,4,1,1,4,2,1,3,1,3,2,3,4,0,4,4,4,4,4,4
15061418,2,1,4,4,4,4,4,3,2,4,0,2,3,3,1,1,4,1,1,4,2,1,3,1,3,2,3,4,0,4,4,4,4,4,4
15061419,0,2,4,4,4,4,4,2,1,4,0,3,3,1,3,3,4,0,2,4,4,2,4,1,3,2,3,3,1,4,4,4,4,4,4
15061420,0,2,2,3,3,4,4,3,1,3,1,3,3,1,2,2,1,3,4,3,3,1,4,0,4,1,1,3,0,2,2,3,2,3,3
15061421,1,1,4,4,4,4,3,2,1,4,0,3,2,1,3,3,4,0,1,3,3,2,3,0,4,2,2,2,0,4,4,4,4,4,4
15061422,0,1,4,4,4,4,4,3,1,4,0,2,3,2,1,1,4,0,1,4,3,2,4,0,4,3,1,4,0,4,4,4,4,3,2
15061423,0,1,4,4,4,4,4,3,1,4,0,2,3,2,1,1,4,0,1,4,3,2,4,0,4,3,1,4,0,4,4,4,4,3,2
15061424,0,1,4,4,4,3,4,1,0,4,0,4,4,1,3,1,4,2,3,4,4,2,3,0,4,2,1,2,0,4,4,4,4,4,4
15061425,2,2,4,4,4,4,4,4,1,3,0,3,3,2,2,1,4,0,2,4,4,3,3,0,4,2,2,3,1,4,4,4,4,4,4
15061430,2,2,4,4,4,4,4,4,1,3,0,3,3,2,2,1,4,0,2,4,4,3,3,0,4,2,2,3,1,4,4,4,4,4,4
15061434,1,1,4,4,4,2,4,2,1,4,0,3,2,0,4,4,4,2,3,4,4,3,2,0,4,2,1,4,0,4,4,4,4,4,4
15061435,1,3,4,4,4,4,3,3,1,4,0,3,3,0,4,1,4,0,2,4,3,1,3,0,4,2,2,4,1,4,4,4,4,4,4
15061436,1,2,3,3,3,4,4,2,0,4,1,4,4,2,2,3,3,0,3,4,3,3,4,1,3,2,1,2,0,3,3,3,3,4,4
15061437,0,0,4,4,4,4,4,1,2,3,0,2,4,1,3,2,4,2,2,4,3,2,4,0,4,2,1,3,0,4,4,4,4,4,4
15061438,2,1,4,4,4,4,4,3,2,4,0,2,3,3,1,1,4,1,1,4,2,1,3,1,3,2,3,4,0,4,4,4,4,4,4
15061439,0,0,4,4,4,4,4,1,2,3,0,2,4,1,3,2,4,2,2,4,3,2,4,0,4,2,1,3,0,4,4,4,4,4,4
15061441,1,1,4,4,4,4,3,2,0,3,0,4,4,1,3,2,4,0,2,4,4,1,4,0,4,4,4,3,0,4,4,4,4,4,4
15061442,0,1,4,4,4,3,4,2,2,4,0,2,4,2,1,2,4,2,3,4,4,2,4,0,4,3,2,3,0,4,4,4,4,4,4
15061443,1,2,3,3,3,4,4,2,0,4,1,4,4,2,2,3,3,0,3,4,3,3,4,1,3,2,1,2,0,3,3,3,3,4,4
15061444,0,1,4,4,4,4,4,3,1,4,0,3,4,1,2,1,4,1,3,4,3,3,3,0,4,1,0,3,0,4,4,4,4,4,4
15061445,1,1,4,4,4,4,3,2,0,3,0,4,4,1,3,2,4,0,2,4,4,1,4,0,4,4,4,3,0,4,4,4,4,4,4
15061447,0,1,4,4,4,4,4,2,1,4,0,2,3,2,2,2,4,0,2,4,3,1,4,0,4,2,1,4,0,4,4,4,4,3,2
15061453,1,1,4,4,4,4,3,2,0,3,0,4,4,1,3,2,4,0,2,4,4,1,4,0,4,4,4,3,0,4,4,4,4,4,4
15061458,2,2,4,4,4,4,4,4,1,3,0,3,3,2,2,1,4,0,2,4,4,3,3,0,4,2,2,3,1,4,4,4,4,4,4
15061459,2,1,4,4,4,4,4,3,2,4,0,2,3,3,1,1,4,1,1,4,2,1,3,1,3,2,3,4,0,4,4,4,4,4,4
15061461,2,2,4,4,4,4,4,4,1,3,0,3,3,2,2,1,4,0,2,4,4,3,3,0,4,2,2,3,1,4,4,4,4,4,4
15061462,0,0,4,4,4,4,4,1,2,3,0,2,4,1,3,2,4,2,2,4,3,2,4,0,4,2,1,3,0,4,4,4,4,4,4
15061463,0,1,4,4,4,4,4,2,1,4,0,2,3,2,2,2,4,0,1,4,3,2,4,0,4,2,1,4,0,4,4,4,4,3,3
15061469,0,3,4,4,4,3,3,3,NA,4,0,NA,3,1,3,2,4,1,2,4,3,1,3,0,4,2,2,4,1,4,4,4,4,4,4
15061470,3,2,3,3,3,3,2,3,0,4,0,4,4,1,3,2,3,1,4,4,3,3,4,1,3,2,3,4,0,3,3,3,3,4,4
15061471,3,2,3,3,3,3,2,3,0,4,0,4,4,1,3,2,3,1,4,4,3,3,4,1,3,2,3,4,0,3,3,3,3,4,4
15061475,1,1,4,4,4,4,3,2,1,4,0,3,2,1,3,3,4,0,1,3,3,2,3,0,4,2,2,2,0,4,4,4,4,4,4
15061477,0,1,4,4,4,4,4,3,1,4,0,3,4,1,2,1,4,1,3,4,3,3,3,0,4,1,0,3,0,4,4,4,4,4,4
15061478,0,2,4,4,4,4,4,2,1,4,0,3,3,1,3,3,4,0,2,4,4,2,4,1,3,2,3,3,1,4,4,4,4,4,4
15061479,0,1,4,4,4,4,4,3,1,4,0,2,3,2,1,1,4,0,1,4,3,1,4,0,4,2,1,4,0,4,4,4,4,3,2
15061480,1,1,4,4,4,4,3,2,0,3,0,4,4,1,3,2,4,0,2,4,4,1,4,0,4,4,4,3,0,4,4,4,4,4,4
15061481,1,0,4,4,4,4,3,3,0,4,1,4,4,1,3,3,4,1,2,3,3,2,4,0,4,2,3,2,0,4,4,4,4,4,4
15061482,1,2,3,3,3,4,4,2,0,4,1,4,4,2,2,3,3,0,3,4,3,3,4,1,3,2,1,2,0,3,3,3,3,4,4
15061484,0,1,4,4,4,4,4,3,1,4,0,3,4,0,4,2,4,0,2,4,2,3,3,0,4,3,2,2,1,4,4,4,4,4,4
15061485,1,2,3,3,3,4,4,2,0,4,1,4,4,2,2,3,3,0,3,4,3,3,4,1,3,2,1,2,0,3,3,3,3,4,4
15061487,0,0,4,4,4,2,4,2,0,4,0,4,3,0,3,3,4,2,3,4,4,1,3,0,4,1,0,3,0,4,4,4,4,3,3
15061488,2,1,4,4,4,4,4,3,2,4,0,2,3,3,1,1,4,1,1,4,2,1,3,1,3,2,3,4,0,4,4,4,4,4,4
15061489,2,1,4,4,4,4,4,3,2,4,0,2,3,3,1,1,4,1,1,4,2,1,3,1,3,2,3,4,0,4,4,4,4,4,4
15061490,2,1,4,4,4,4,4,3,2,4,0,2,3,3,1,1,4,1,1,4,2,1,3,1,3,2,3,4,0,4,4,4,4,4,4
15061492,2,1,4,4,4,4,4,3,2,4,0,2,3,3,1,1,4,1,1,4,2,1,3,1,3,2,3,4,0,4,4,4,4,4,4
15061493,0,1,4,4,4,3,4,1,0,4,0,4,2,0,4,4,4,2,3,4,3,2,4,0,4,1,1,3,0,4,4,4,4,3,3
15061495,0,1,4,4,4,3,4,1,0,4,0,4,2,0,4,4,4,2,3,4,3,2,4,0,4,1,1,3,0,4,4,4,4,3,3
15061498,2,1,4,4,4,4,4,3,1,4,0,2,3,2,2,1,4,1,1,4,2,1,3,1,3,2,3,4,0,4,4,4,4,4,4
15061500,1,2,3,3,3,4,4,2,0,4,1,4,4,2,2,3,3,0,3,4,3,3,4,1,3,2,1,2,0,3,3,3,3,4,4
15061501,2,1,4,4,4,4,3,4,0,4,0,4,3,0,4,3,4,2,2,4,4,0,2,0,4,2,1,2,0,4,4,4,4,4,4
15061503,0,1,4,4,4,4,4,2,1,4,0,2,3,3,1,1,4,0,1,4,3,2,4,0,4,2,1,4,0,4,4,4,4,3,2
15061504,0,3,3,3,3,2,4,3,1,4,0,3,3,1,3,2,3,0,2,4,3,4,3,0,4,3,3,3,1,3,3,3,3,4,4
15061505,2,1,4,4,4,3,4,4,2,4,0,2,NA,2,2,3,4,1,2,3,3,2,2,2,2,3,2,4,0,4,4,4,4,4,4
15061507,0,1,4,4,4,3,4,2,2,4,0,2,4,2,1,2,4,2,3,4,4,2,4,0,4,3,2,3,0,4,4,4,4,4,4
15061508,0,1,4,4,4,3,4,2,2,4,0,2,4,2,1,2,4,2,3,4,4,2,4,0,4,3,2,3,0,4,4,4,4,4,4
15061509,0,2,4,4,4,4,4,3,1,4,0,3,3,2,2,3,4,0,3,3,4,2,3,0,4,2,0,3,0,4,4,4,4,3,3
15061511,0,2,4,4,4,4,4,3,1,4,0,3,3,1,2,3,4,0,3,3,4,2,3,0,4,2,0,3,0,4,4,4,4,3,3
15061514,1,1,4,4,4,4,3,2,1,4,0,3,2,1,3,3,4,0,1,3,3,2,3,0,4,2,2,2,0,4,4,4,4,4,4
15061516,2,1,4,4,4,4,3,4,0,4,0,4,3,0,4,3,4,2,2,4,4,0,2,0,4,2,1,2,0,4,4,4,4,4,4
15061517,0,2,4,4,4,4,4,2,2,4,0,2,3,2,2,2,4,0,2,4,3,2,3,0,4,2,2,3,1,4,4,4,4,4,4
15061518,0,1,4,4,4,4,4,2,1,4,0,2,3,2,1,1,4,0,1,4,3,1,4,0,4,3,1,4,0,4,4,4,4,3,2
15061520,1,1,4,4,4,NA,4,0,1,4,0,3,4,2,2,1,4,1,3,3,4,1,3,0,4,2,1,3,2,4,4,4,4,3,3
15061521,2,2,4,4,4,4,4,2,1,4,0,3,4,1,3,3,4,1,4,3,4,2,4,0,4,1,2,4,0,4,4,4,4,3,3
15061523,0,2,4,4,4,4,4,2,1,4,0,3,3,1,3,3,4,0,2,4,4,2,4,1,3,2,3,3,2,4,4,4,4,4,4
15061524,1,1,4,4,4,3,3,2,0,4,0,4,3,1,3,3,4,1,4,4,3,1,3,0,4,0,2,4,0,4,4,4,4,3,3
15061525,0,1,4,4,4,3,4,2,2,4,0,2,4,2,1,2,4,2,3,4,4,2,4,0,4,3,2,3,0,4,4,4,4,4,4
15061526,0,1,4,4,4,3,4,2,0,4,NA,4,4,1,3,2,4,2,3,4,4,2,3,0,4,2,1,3,0,4,4,4,4,4,4
15061528,0,1,4,4,4,3,4,1,0,4,0,4,2,0,4,4,4,2,3,4,3,2,4,0,4,1,1,3,0,4,4,4,4,3,3
15061530,0,1,4,4,4,3,4,2,2,4,0,2,4,2,1,2,4,2,3,4,4,2,4,0,4,3,2,3,0,4,4,4,4,4,4
15061533,0,1,4,4,4,3,4,2,2,4,0,2,4,2,1,2,4,2,3,4,4,2,4,0,4,3,2,3,0,4,4,4,4,4,4
15061534,1,1,4,4,4,3,4,0,2,4,0,2,3,0,4,4,4,2,3,3,4,2,3,0,4,1,2,2,1,4,4,4,4,3,3
15061535,0,1,4,4,4,3,4,1,0,4,0,4,2,0,4,4,4,2,3,4,3,2,4,0,4,1,1,3,0,4,4,4,4,3,3
15061536,0,1,4,4,4,3,4,2,2,4,0,2,4,2,1,2,4,2,3,4,4,2,4,0,4,3,2,3,0,4,4,4,4,4,4
15061537,2,2,4,4,4,3,4,3,0,4,1,4,3,2,2,4,4,1,3,3,4,3,4,1,3,1,2,3,0,4,4,4,4,4,4
15061538,0,2,4,4,4,4,4,2,1,4,0,3,3,1,3,3,4,0,2,4,4,2,4,1,3,2,3,3,1,4,4,4,4,4,4
15061539,0,2,4,4,4,4,4,2,1,4,0,3,3,1,3,3,4,0,2,4,4,2,4,1,3,2,3,3,1,4,4,4,4,4,4
15061542,1,0,4,4,4,4,3,3,0,4,1,4,4,1,3,3,4,1,2,3,3,2,4,0,4,2,3,2,0,4,4,4,4,4,4
15061543,1,1,3,3,3,4,4,0,1,4,0,3,3,0,4,2,3,0,3,3,3,2,3,0,4,2,0,2,2,3,3,3,3,3,3
15061546,0,2,4,4,4,4,4,3,1,4,0,3,3,1,3,3,4,0,2,4,4,2,4,1,3,2,3,3,2,4,4,4,4,4,4
15061549,0,3,4,4,4,4,4,2,2,4,0,2,3,2,2,3,4,1,3,4,2,3,3,0,4,3,3,3,2,4,4,4,4,4,4
15061550,0,1,4,4,4,3,4,2,0,4,0,4,4,1,3,1,4,2,3,4,4,2,3,0,4,2,1,2,0,4,4,4,4,4,4
15061551,1,2,3,3,3,4,4,2,0,4,1,4,4,1,2,3,3,0,3,4,3,3,4,1,3,2,1,2,0,3,3,3,3,4,4
15061553,0,1,4,4,4,NA,4,3,1,4,1,3,3,1,2,4,4,0,2,4,3,4,3,0,4,0,2,3,0,4,4,4,4,4,4
15061555,1,1,4,4,4,4,3,2,1,4,0,3,2,1,3,3,4,0,1,3,3,2,3,0,4,2,2,2,0,4,4,4,4,4,4
15061556,1,2,3,3,3,4,4,2,0,4,1,4,4,2,2,3,3,0,3,4,3,3,4,1,3,2,1,2,0,3,3,3,3,4,4
15061557,1,1,4,4,4,4,3,2,1,4,0,3,2,1,3,3,4,0,1,3,3,2,3,0,4,2,2,2,0,4,4,4,4,4,4
15061561,2,1,4,4,4,4,4,2,1,3,0,3,3,3,2,2,4,1,2,4,2,0,4,0,4,1,3,4,0,4,4,4,4,4,4
15061564,0,1,4,4,4,4,4,3,1,4,0,2,3,2,1,1,4,0,1,4,3,2,4,0,4,2,1,4,0,4,4,4,4,3,2
15061565,0,2,3,3,3,1,3,1,1,4,0,3,4,0,4,2,3,1,2,1,4,2,3,0,4,4,3,2,0,3,3,3,3,4,4
15061566,0,2,4,4,4,4,4,2,1,4,0,3,3,1,3,3,4,0,2,4,4,2,4,1,3,2,3,3,1,4,4,4,4,4,4
15061567,2,0,4,4,4,4,1,4,0,3,0,4,2,2,2,3,4,1,1,2,4,0,4,0,4,3,4,4,2,4,4,4,4,4,4
15061571,1,1,4,4,4,4,3,4,NA,4,0,NA,3,1,3,2,4,0,1,4,2,0,3,0,4,2,3,3,1,4,4,4,4,4,4
15061575,0,1,4,4,4,4,4,3,1,4,0,3,4,0,4,2,4,0,2,4,2,3,3,0,4,3,2,2,1,4,4,4,4,4,4
15061576,3,2,3,3,3,3,2,3,0,4,0,4,4,1,3,2,3,1,4,4,3,3,4,1,3,2,3,4,0,3,3,3,3,4,4
15061577,1,1,4,4,4,4,4,3,1,4,0,3,2,1,3,3,4,1,0,4,2,1,3,0,4,2,2,4,2,4,4,4,4,4,4
15061580,0,2,4,4,4,4,4,2,2,4,0,2,3,2,2,2,4,0,2,4,3,2,3,0,4,2,2,3,1,4,4,4,4,4,4
15061585,3,2,3,3,3,3,2,3,0,4,0,4,4,1,3,2,3,1,4,4,3,3,4,1,3,2,3,4,0,3,3,3,3,4,4
15061586,3,2,3,3,3,3,2,3,0,4,0,4,4,1,3,2,3,1,4,4,3,3,4,1,3,2,3,4,0,3,3,3,3,4,4
15061588,1,2,3,3,3,4,4,2,0,4,1,4,4,2,2,3,3,0,3,4,3,3,4,1,3,2,1,2,0,3,3,3,3,4,4
15061601,0,2,4,4,4,4,4,2,2,4,0,2,3,2,2,2,4,0,2,4,3,2,3,0,4,2,2,3,1,4,4,4,4,4,4
15061602,0,1,4,4,4,3,4,2,1,4,1,3,3,2,2,4,4,0,2,4,3,3,3,0,4,0,2,3,NA,4,4,4,4,4,4
15061604,2,1,3,4,4,3,4,2,2,3,1,2,NA,1,3,2,4,2,4,4,3,3,3,0,4,2,1,4,2,3,3,4,4,4,4
15061608,3,2,3,3,3,3,2,3,0,4,0,4,4,1,3,2,3,1,4,4,3,3,4,1,3,2,3,4,0,3,3,3,3,4,4
15061609,0,2,4,4,4,4,4,2,1,4,0,3,3,1,3,3,4,0,2,4,4,2,4,1,3,2,3,3,1,4,4,4,4,4,4
15061610,0,2,4,4,4,4,4,2,2,4,0,2,3,2,2,2,4,0,2,4,3,2,3,0,4,2,2,3,1,4,4,4,4,4,4
15061614,0,3,3,3,3,2,4,3,1,4,0,3,3,1,3,2,3,0,2,4,3,4,3,0,4,3,3,3,1,3,3,3,3,4,4
15061621,2,1,4,4,4,4,3,4,0,4,0,4,3,0,4,3,4,2,2,4,4,0,2,0,4,2,1,2,0,4,4,4,4,4,4
15061622,1,1,4,4,4,4,3,2,1,4,0,3,2,1,3,3,4,1,2,3,3,2,3,0,4,2,2,2,0,4,4,4,4,4,4
15061626,2,1,4,4,4,4,3,3,1,4,0,3,3,2,2,2,4,1,3,3,3,1,3,0,4,2,3,4,1,4,4,4,4,4,4
15061627,1,1,4,4,4,4,4,3,2,4,0,2,4,2,2,1,4,0,1,3,2,2,4,0,4,4,2,1,0,4,4,4,4,4,4
15061628,0,2,4,4,4,4,4,3,1,4,0,3,3,2,2,3,4,0,3,3,4,2,3,0,4,2,0,3,0,4,4,4,4,3,3
15061629,1,1,4,4,4,4,4,3,2,4,0,2,3,1,3,2,4,3,3,2,4,1,4,0,4,4,3,2,0,4,4,4,4,4,4
15061630,1,1,4,4,4,3,4,0,2,4,0,2,3,0,4,4,4,2,3,3,4,2,3,0,4,1,2,2,1,4,4,4,4,3,3
15061632,0,3,3,3,3,2,4,3,1,4,0,3,3,1,3,2,3,0,2,4,3,4,3,0,4,3,3,3,1,3,3,3,3,4,4
15061633,1,1,3,3,3,4,2,2,1,4,0,3,4,1,3,2,3,1,2,4,4,2,3,0,4,2,2,1,0,3,3,3,3,4,4
15061638,1,1,4,4,4,4,3,2,1,4,0,3,2,1,3,3,4,0,1,3,3,2,3,0,4,2,2,2,0,4,4,4,4,4,4
15061639,2,2,4,4,4,2,4,3,1,4,0,3,3,3,1,3,4,0,3,4,2,1,3,1,3,2,3,4,0,4,4,4,4,4,4
15061640,0,1,4,4,4,4,4,2,1,4,0,3,3,1,3,3,4,0,3,4,3,3,4,1,3,1,3,4,1,4,4,4,4,4,4
15061641,2,2,4,4,4,2,4,3,1,4,0,3,3,3,1,3,4,0,3,4,2,1,3,1,3,2,3,4,0,4,4,4,4,4,4
15061642,1,1,4,4,4,4,3,2,1,4,0,3,2,1,3,3,4,0,1,3,3,2,3,0,4,2,2,2,0,4,4,4,4,4,4
15061645,0,1,4,4,4,4,4,2,1,4,0,3,3,1,3,3,4,0,3,4,3,3,4,1,3,1,3,4,1,4,4,4,4,4,4
15061646,2,2,4,4,4,3,4,3,0,4,1,4,3,2,2,4,4,1,3,3,4,3,4,1,3,1,2,3,0,4,4,4,4,4,4
15061649,0,2,3,3,3,3,4,2,0,4,0,4,3,0,4,3,3,1,3,4,3,2,4,0,4,4,3,3,1,3,3,3,3,4,4
15061650,0,2,3,3,3,3,3,3,0,4,0,4,4,0,4,1,3,2,1,4,4,2,3,2,2,3,2,2,0,3,3,3,3,4,4
15061651,0,1,4,4,4,3,4,2,2,4,0,2,4,2,1,2,4,2,3,4,4,2,4,0,4,3,2,3,0,4,4,4,4,4,4
15061653,2,2,4,4,4,4,4,4,1,3,0,3,3,2,2,1,4,0,2,4,4,3,3,0,4,2,2,3,1,4,4,4,4,4,4
15061654,0,3,3,3,3,2,4,3,1,4,0,3,3,1,3,2,3,0,2,4,3,4,3,0,4,3,3,3,1,3,3,3,3,4,4
15061658,0,3,3,3,3,2,4,3,1,4,NA,3,3,1,3,2,3,0,2,4,3,4,3,0,4,3,3,3,1,3,3,3,3,4,4
15061659,3,2,3,3,3,3,2,3,0,4,0,4,4,1,3,2,3,1,4,4,3,3,4,1,3,2,3,4,0,3,3,3,3,4,4
15061665,0,0,3,3,3,3,4,2,0,4,1,4,3,3,1,2,3,1,3,1,3,2,4,0,4,4,3,2,0,3,3,3,3,4,4
15061666,2,0,4,4,4,4,3,3,1,2,0,3,3,0,4,1,4,1,2,3,4,1,3,0,4,3,1,3,0,4,4,4,4,3,3
15061667,0,1,4,4,4,4,4,3,1,4,0,3,4,0,4,2,4,0,2,4,2,3,3,0,4,3,2,2,1,4,4,4,4,4,4
15061668,0,0,3,3,3,3,4,2,0,4,1,4,3,3,1,2,3,1,3,1,3,2,4,0,4,4,3,2,0,3,3,3,3,4,4
15061669,1,2,4,4,4,4,3,3,1,3,0,3,3,1,3,1,4,1,1,3,4,2,3,0,4,2,1,3,1,4,4,4,4,4,4
15061670,2,2,4,4,4,2,4,3,1,4,0,3,3,3,1,3,4,0,3,4,2,1,3,1,3,2,3,4,0,4,4,4,4,4,4
15061671,1,1,4,4,4,4,3,4,NA,4,0,NA,3,2,2,3,4,0,2,4,2,3,3,1,3,1,2,4,1,4,4,4,4,4,4
15061673,0,2,4,4,4,3,4,3,2,4,0,2,4,1,3,1,4,1,3,4,2,2,4,0,4,3,2,3,0,4,4,4,4,4,4
15061677,2,1,4,4,4,4,4,3,2,4,0,2,3,3,1,1,4,1,1,4,2,1,3,1,3,2,3,4,0,4,4,4,4,4,4
15061678,2,1,4,4,4,4,4,3,2,4,0,2,3,3,1,1,4,1,1,4,2,1,3,1,3,2,3,4,0,4,4,4,4,4,4
15061679,1,3,4,4,4,4,3,3,1,4,0,3,3,0,4,1,4,0,2,4,3,1,3,0,4,2,2,4,1,4,4,4,4,4,4
15061680,2,2,4,4,4,2,4,3,1,4,0,3,3,3,1,3,4,0,3,4,2,1,3,1,3,2,3,4,0,4,4,4,4,4,4
15061682,1,1,4,4,4,4,3,2,1,4,0,3,2,1,3,3,4,0,1,3,3,2,3,0,4,2,2,2,0,4,4,4,4,4,4
15061683,0,2,4,4,4,4,4,2,NA,4,0,2,3,2,2,2,4,0,2,4,3,2,3,0,4,2,2,3,1,4,4,4,4,4,4
15061684,0,2,3,3,3,2,4,2,1,4,0,3,4,1,3,2,3,0,2,4,3,2,4,1,3,4,2,4,1,3,3,3,3,4,4
15061686,0,2,4,4,4,4,4,2,2,4,0,2,3,2,2,2,4,0,2,4,3,2,3,0,4,2,2,3,1,4,4,4,4,4,4
15061687,0,2,4,4,4,4,4,2,2,4,0,2,2,2,2,3,4,0,0,3,4,3,3,0,4,2,1,2,0,4,4,4,4,4,4
15061688,0,2,4,4,4,4,4,2,2,4,0,2,3,2,2,2,4,0,2,4,3,2,3,0,4,2,2,3,1,4,4,4,4,4,4
15061690,2,1,4,4,4,4,4,3,2,4,0,2,3,3,1,1,4,1,1,4,2,1,3,1,3,2,3,4,0,4,4,4,4,4,4
15061702,0,1,4,4,4,4,4,2,1,4,0,3,3,1,3,3,4,0,3,4,3,3,4,1,3,1,3,4,1,4,4,4,4,4,4
15061706,1,3,3,3,3,3,4,2,0,4,0,4,3,0,4,3,3,1,2,3,3,1,3,0,4,3,1,2,0,3,3,3,3,4,4
15061707,1,2,4,4,4,4,3,4,2,3,0,2,3,1,3,2,4,1,2,4,3,2,3,0,4,3,3,4,2,4,4,4,4,4,4
15061709,1,2,4,4,4,4,3,3,1,3,0,3,3,1,3,1,4,1,1,3,4,2,3,0,4,2,1,3,1,4,4,4,4,4,4
15061712,1,2,4,4,4,3,4,2,1,4,0,3,3,0,4,3,4,0,3,4,3,1,4,1,3,0,1,4,0,4,4,4,4,3,3
15061714,1,1,4,4,4,2,4,2,1,4,0,3,2,0,4,4,4,2,3,4,4,3,2,0,4,2,1,4,0,4,4,4,4,4,4
15061717,2,2,4,4,4,4,4,2,1,4,0,3,4,0,4,2,4,0,1,4,3,2,3,0,4,2,3,2,1,4,4,4,4,4,4
15061719,2,2,4,4,4,3,4,3,0,4,1,4,3,2,2,4,4,1,3,3,4,3,4,1,3,1,2,3,0,4,4,4,4,4,4
15061720,1,1,4,4,4,2,4,2,1,4,0,3,2,0,4,4,4,3,3,4,4,3,3,0,4,2,1,4,0,4,4,4,4,4,4
15061722,1,1,4,4,4,4,3,3,NA,4,0,3,3,1,3,2,4,1,2,4,3,1,3,0,4,2,1,3,0,4,4,4,4,3,3
15061723,2,1,4,4,4,4,3,4,0,4,0,4,3,0,4,3,4,2,2,4,4,0,2,0,4,2,1,2,0,4,4,4,4,4,4
15061724,1,1,4,4,4,NA,4,2,0,4,0,4,4,1,3,1,4,2,2,4,4,1,3,0,4,2,1,2,0,4,4,4,4,4,4
15061725,1,1,4,4,4,2,4,2,1,4,0,3,2,0,4,4,4,2,3,4,4,3,2,0,4,2,1,4,0,4,4,4,4,4,4
15061726,0,3,4,4,4,3,3,3,1,4,0,3,4,1,3,2,4,0,3,3,4,2,4,0,4,3,3,3,1,4,4,4,4,4,4
15061729,0,1,4,4,4,3,4,2,0,4,0,4,4,1,3,1,4,2,3,4,4,2,3,0,4,2,1,2,0,4,4,4,4,4,4
15061733,2,1,4,4,4,4,4,3,2,4,0,2,3,3,1,1,4,1,1,4,2,1,3,1,3,2,3,4,0,4,4,4,4,4,4
15061734,2,1,4,4,4,4,4,3,2,4,0,2,3,3,1,1,4,1,1,4,2,1,3,1,3,2,3,4,0,4,4,4,4,4,4
15061735,1,1,4,4,4,2,4,2,1,4,0,3,2,0,4,4,4,2,3,4,4,3,2,0,4,2,1,4,0,4,4,4,4,4,4
15061736,0,1,4,4,4,3,4,2,0,4,0,4,4,1,3,1,4,2,3,4,4,2,3,0,4,2,1,2,0,4,4,4,4,4,4
15061737,0,1,4,4,4,3,4,2,0,4,0,4,4,1,3,1,4,2,3,4,4,2,3,0,4,2,1,2,0,4,4,4,4,4,4
15061738,2,1,4,4,4,4,4,3,2,4,0,2,3,3,1,1,4,1,1,4,2,1,3,1,3,2,3,4,0,4,4,4,4,4,4
15061740,1,1,4,4,4,3,4,1,0,4,0,4,2,0,4,4,4,1,3,3,4,2,2,0,4,1,1,4,0,4,4,4,4,4,4
15061744,1,1,4,4,4,3,4,2,0,4,1,4,2,2,2,2,4,1,2,4,1,2,4,0,4,2,1,3,0,4,4,4,4,4,4
15061747,2,2,4,4,4,3,4,3,0,4,1,4,3,2,2,4,4,1,3,3,4,3,4,1,3,1,2,3,0,4,4,4,4,4,4
15061751,3,2,3,3,3,3,2,3,0,4,0,4,4,1,3,2,3,1,4,4,3,3,4,1,3,2,3,4,0,3,3,3,3,4,4
15061752,1,1,4,4,4,3,4,1,0,4,0,4,2,0,4,4,4,1,3,3,4,2,2,0,4,1,1,4,0,4,4,4,4,4,4
15061753,2,1,4,4,4,4,4,3,2,4,0,2,3,3,1,1,4,1,1,4,2,1,3,1,3,2,3,4,0,4,4,4,4,4,4
15061754,0,1,4,4,4,4,3,3,0,4,0,4,4,2,2,2,4,3,3,4,2,2,4,0,4,4,3,2,0,4,4,4,4,4,4
15061755,1,3,4,4,4,4,4,3,NA,4,0,NA,3,1,3,2,4,1,2,4,3,2,4,1,3,3,3,3,1,4,4,4,4,4,4
15061756,1,3,4,4,4,4,4,3,NA,4,0,NA,3,1,3,2,4,1,2,4,3,2,4,1,3,3,3,3,1,4,4,4,4,4,4
15061757,1,3,4,4,4,4,3,3,1,4,0,3,3,0,4,1,4,0,2,4,3,1,3,0,4,2,2,4,1,4,4,4,4,4,4
15061758,0,0,4,4,4,4,4,1,2,3,0,2,4,1,3,1,4,1,2,4,3,2,4,0,4,2,1,3,0,4,4,4,4,4,4
15061760,0,1,4,4,4,3,4,2,0,4,0,4,4,1,3,1,4,2,3,4,4,2,3,0,4,2,1,2,0,4,4,4,4,4,4
15061761,2,2,4,4,4,3,4,3,0,4,1,4,3,2,2,4,4,1,3,3,4,3,4,1,3,1,2,3,0,4,4,4,4,4,4
15061762,0,1,4,4,4,3,4,1,0,4,0,4,2,0,4,4,4,2,3,4,3,2,4,0,4,1,1,3,0,4,4,4,4,3,3
15061764,0,2,4,4,4,4,4,3,1,4,0,3,3,2,2,3,4,0,3,3,4,2,3,0,4,2,0,3,0,4,4,4,4,3,3
15061766,1,0,4,4,4,4,3,3,0,4,1,4,4,1,3,3,4,1,2,3,3,2,4,0,4,2,3,2,0,4,4,4,4,4,4
15061769,1,1,4,4,4,4,4,2,0,4,0,4,2,2,2,3,4,0,2,3,4,1,4,1,3,3,2,2,NA,4,4,4,4,4,4
15061771,2,1,4,4,4,4,4,3,2,4,0,2,3,3,1,1,4,1,1,4,2,1,3,1,3,2,3,4,0,4,4,4,4,4,4
15061772,2,2,4,4,4,4,2,4,2,4,0,2,2,1,3,3,4,1,1,4,3,2,3,0,4,2,2,4,1,4,4,4,4,4,4
15061773,2,2,4,4,4,3,4,2,0,4,0,4,NA,1,3,3,4,3,3,2,4,1,3,0,4,0,1,4,0,4,4,4,4,3,3
15061776,1,2,3,3,3,4,4,2,0,4,1,4,4,2,2,3,3,0,3,4,3,3,4,1,3,2,1,2,0,3,3,3,3,4,4
15061777,1,3,4,4,4,4,3,3,1,4,0,3,3,0,4,1,4,0,2,4,3,1,3,0,4,2,2,4,1,4,4,4,4,4,4
15061784,2,1,4,4,4,4,4,3,2,4,0,2,3,3,1,1,4,1,1,4,2,1,3,1,3,2,3,4,0,4,4,4,4,4,4
15061785,2,2,4,4,4,4,4,4,NA,4,0,NA,4,2,2,1,4,0,0,3,3,1,4,0,4,4,2,1,0,4,4,4,4,4,4
15061788,1,1,4,4,4,3,3,2,0,4,0,4,3,1,3,3,4,1,4,4,3,1,3,0,4,0,2,4,0,4,4,4,4,3,3
15061789,1,2,3,3,3,4,4,2,0,4,1,4,4,2,2,3,3,0,3,4,3,3,4,1,3,2,1,2,0,3,3,3,3,4,4
15061790,1,3,4,4,4,4,3,3,1,4,0,3,3,0,4,1,4,0,2,4,3,1,3,0,4,2,2,4,1,4,4,4,4,4,4
15061795,1,1,4,4,4,3,4,0,2,4,0,2,3,0,4,4,4,2,3,3,4,2,3,0,4,1,2,2,1,4,4,4,4,3,3
15061797,2,1,4,4,4,4,4,3,2,4,0,2,3,3,1,1,4,1,1,4,2,1,3,1,3,2,3,4,0,4,4,4,4,4,4
15061798,0,1,4,4,4,4,4,3,1,4,0,3,3,2,1,1,4,0,1,4,3,2,4,0,4,2,1,4,0,4,4,4,4,3,2
15061799,1,3,4,4,4,4,3,3,1,4,0,3,3,0,4,1,4,0,2,4,3,1,3,0,4,2,2,4,1,4,4,4,4,4,4
15061800,3,0,4,4,4,4,4,3,2,4,0,2,3,0,4,2,4,4,3,2,4,2,4,0,4,3,2,3,1,4,4,4,4,4,4
15061811,1,1,4,4,4,4,3,2,1,4,0,3,2,1,3,3,4,0,1,3,3,2,3,0,4,2,2,2,0,4,4,4,4,4,4
15061813,1,2,3,3,3,4,4,2,0,4,1,4,4,2,2,3,3,0,3,4,3,3,4,1,3,2,1,2,0,3,3,3,3,4,4
15061814,2,2,4,4,4,2,4,3,1,4,0,3,3,3,1,3,4,0,3,4,2,1,3,1,3,2,3,4,0,4,4,4,4,4,4
15061815,0,3,3,3,3,2,4,3,1,4,0,3,3,1,3,2,3,0,2,4,3,4,3,0,4,3,3,3,1,3,3,3,3,4,4
15061826,0,1,4,4,4,4,4,3,1,4,0,2,3,2,1,1,4,0,1,4,3,1,4,0,4,2,1,4,0,4,4,4,4,3,2
15061905,1,1,3,3,3,4,4,0,1,4,0,3,3,0,4,2,3,0,3,3,3,2,3,0,4,2,0,2,1,3,3,3,3,3,3
15061906,2,2,4,4,4,4,4,3,2,4,0,2,4,2,2,2,4,1,1,4,3,1,3,1,3,2,3,4,0,4,4,4,4,4,4
15061907,2,3,1,1,1,4,4,2,2,3,2,2,3,2,2,2,3,3,2,2,4,3,4,1,3,2,1,2,0,1,1,1,2,4,4
15061908,0,3,4,4,4,4,4,2,2,4,0,2,3,2,2,3,4,1,3,4,2,3,3,0,4,3,3,3,2,4,4,4,4,4,4
15061909,1,1,4,4,4,2,4,3,0,4,0,4,3,2,2,2,4,0,2,4,3,0,4,0,4,1,1,3,0,4,4,4,4,4,4
15061910,0,3,3,3,3,2,4,3,1,4,0,3,3,1,3,2,3,0,2,4,3,4,3,0,4,3,3,3,1,3,3,3,3,4,4
15061911,1,1,2,2,2,4,3,2,0,4,0,4,3,1,3,1,2,1,2,3,2,3,4,0,4,3,2,2,0,2,2,2,2,4,4
15061915,1,1,2,2,2,4,3,2,0,4,0,4,3,1,3,1,2,1,2,3,2,3,4,0,4,3,2,2,0,2,2,2,2,4,4
15061917,2,2,4,4,4,4,4,4,1,3,0,3,3,2,2,1,4,0,2,4,4,3,3,0,4,2,2,3,1,4,4,4,4,4,4
15061918,3,2,3,3,3,3,2,3,0,4,0,4,4,1,3,2,3,1,4,4,3,3,4,1,3,2,3,4,0,3,3,3,3,4,4
15061926,0,3,3,3,3,2,4,3,1,4,0,3,3,1,3,2,3,0,2,4,3,4,3,0,4,3,3,3,1,3,3,3,3,4,4
15061927,1,1,4,4,4,3,4,2,1,4,0,3,3,1,3,2,4,1,4,3,3,2,3,0,4,4,3,3,0,4,4,4,4,2,2
15061929,1,2,4,4,4,2,4,2,0,4,0,4,3,1,3,2,4,2,3,4,4,3,3,0,4,2,3,4,1,4,4,4,4,4,4
15061930,3,2,3,3,3,3,2,3,0,4,0,4,4,1,3,1,3,1,4,4,3,3,4,1,3,2,3,4,0,3,3,3,3,4,4
15061933,0,2,4,4,4,4,4,2,2,4,0,2,3,2,2,2,4,0,2,4,3,2,3,0,4,2,2,3,1,4,4,4,4,4,4
15061934,0,1,4,4,4,3,4,2,0,4,0,4,4,1,3,1,4,2,3,4,4,2,3,0,4,2,1,2,0,4,4,4,4,4,4
15061937,2,2,4,4,4,4,2,4,2,4,0,2,3,1,3,2,4,0,1,4,2,2,3,0,4,3,2,3,0,4,4,4,4,4,4
15061939,2,1,4,4,4,4,4,3,2,4,0,2,3,3,1,1,4,1,1,4,2,1,3,1,3,2,3,4,0,4,4,4,4,4,4
15061941,1,2,4,4,4,4,3,3,1,3,0,3,3,1,3,1,4,1,1,3,4,2,3,0,4,2,1,3,1,4,4,4,4,4,4
15061944,2,0,4,4,4,4,2,4,1,4,0,3,4,2,2,1,4,1,2,4,3,0,4,0,4,2,3,3,1,4,4,4,4,4,4
15061945,2,2,4,4,4,4,4,4,1,3,0,3,3,2,2,1,4,0,2,4,4,3,3,0,4,2,2,3,1,4,4,4,4,4,4
15061948,0,2,4,4,4,4,4,2,2,4,0,2,3,2,2,2,4,0,2,4,3,2,3,0,4,2,2,3,1,4,4,4,4,4,4
15061949,1,1,4,4,4,4,4,3,2,4,0,2,3,0,4,2,4,1,4,4,2,1,3,0,4,0,2,3,1,4,4,4,4,4,4
15061951,2,2,4,4,4,4,4,4,1,3,0,3,3,2,2,1,4,0,2,4,4,3,3,0,4,2,2,3,1,4,4,4,4,4,4
15061952,0,1,4,4,4,3,4,2,0,4,0,4,4,1,3,1,4,2,3,4,4,2,3,0,4,2,1,2,0,4,4,4,4,4,4
15061953,0,2,4,4,4,4,4,2,1,4,0,3,3,1,3,3,4,0,2,4,4,2,4,1,3,2,3,3,1,4,4,4,4,4,4
15061954,2,2,4,4,4,4,4,4,1,3,0,3,3,2,2,1,4,0,2,4,4,3,3,0,4,2,2,3,1,4,4,4,4,4,4
15061957,2,2,4,4,4,4,3,3,2,4,0,2,4,2,2,3,4,1,3,4,3,3,3,0,4,0,0,4,0,4,4,4,4,3,3
15061958,2,0,4,4,4,4,1,4,0,3,0,4,2,1,2,3,4,1,1,2,4,0,4,0,4,3,4,4,2,4,4,4,4,4,4
15061960,2,2,4,4,4,4,4,3,2,4,0,2,4,2,2,2,4,1,1,4,3,1,3,1,3,2,3,4,0,4,4,4,4,4,4
15061961,0,2,4,4,4,4,4,2,1,4,0,3,3,1,3,3,4,0,2,4,4,2,4,1,3,2,3,3,1,4,4,4,4,4,4
15061964,2,2,4,4,4,3,4,3,0,4,1,4,3,2,2,4,4,1,3,3,4,3,4,1,3,1,2,3,0,4,4,4,4,4,4
15061965,2,2,4,4,4,NA,4,2,1,4,NA,3,4,1,3,3,4,0,2,3,3,2,4,1,3,2,2,2,0,4,4,4,4,4,4
15061966,0,0,4,4,4,2,4,2,0,4,0,4,3,0,3,3,4,2,3,4,4,1,3,0,4,1,0,3,0,4,4,4,4,3,3
15061967,0,2,4,4,4,3,4,2,1,4,0,3,3,3,1,3,4,0,2,3,4,2,2,0,4,3,1,3,1,4,4,4,4,4,4
15061968,1,3,4,4,4,4,3,3,1,4,0,3,3,0,4,1,4,0,2,4,3,1,3,0,4,2,2,4,1,4,4,4,4,4,4
15061969,1,2,3,3,3,3,3,2,1,4,0,3,4,0,4,3,3,0,3,3,4,2,4,0,4,2,2,3,0,3,3,3,3,4,4
15062036,2,2,4,4,4,4,4,2,1,4,0,3,4,1,3,3,4,1,4,3,4,2,4,0,4,1,2,4,0,4,4,4,4,3,3
15062038,2,2,4,4,4,4,4,4,1,3,0,3,3,2,2,1,4,0,2,4,4,3,3,0,4,2,2,3,1,4,4,4,4,4,4
15062039,1,1,3,3,3,4,4,0,1,4,0,3,3,0,4,2,3,0,3,3,3,2,3,0,4,2,0,2,1,3,3,3,3,3,3
15062050,0,0,3,3,3,3,3,2,1,4,0,3,2,0,4,3,3,2,4,3,3,3,3,0,4,1,1,3,0,3,3,3,3,4,4
15062051,2,2,4,4,4,4,4,4,1,3,0,3,3,2,2,1,4,0,2,4,4,3,3,0,4,2,2,3,1,4,4,4,4,4,4
15062052,2,2,4,4,4,4,4,4,1,3,0,3,3,2,2,1,4,0,2,4,4,3,3,0,4,2,2,3,1,4,4,4,4,4,4
15062053,1,1,2,3,3,4,4,1,1,4,0,3,3,0,4,2,3,0,3,3,3,2,3,0,4,2,1,2,1,3,3,2,3,3,3
15062063,0,2,4,4,4,4,4,2,2,4,0,2,3,2,2,2,4,0,2,4,3,2,3,0,4,2,2,3,1,4,4,4,4,4,4
15062067,1,2,3,3,3,3,3,2,1,4,0,3,4,0,4,3,3,0,3,3,4,2,4,0,4,2,2,3,0,3,3,3,3,4,4
15062069,1,1,4,4,4,3,3,2,0,4,0,4,3,1,3,3,4,1,4,4,3,1,3,0,4,0,2,4,0,4,4,4,4,3,3
15062071,2,2,4,4,4,3,4,3,0,4,1,4,3,2,2,4,4,1,3,3,4,3,4,1,3,1,2,3,0,4,4,4,4,4,4
15062080,1,1,4,4,4,4,4,3,1,4,NA,3,4,2,2,2,3,2,2,3,3,2,3,1,3,2,3,4,0,3,4,3,4,4,4
15062081,2,2,4,4,4,4,4,4,2,3,0,2,3,2,2,2,4,1,2,4,3,2,3,1,3,2,3,3,0,4,4,4,4,4,4
15062092,0,2,4,4,4,4,4,2,2,4,0,2,3,2,2,2,4,0,2,4,3,2,3,0,4,2,2,3,1,4,4,4,4,4,4
15062094,0,2,4,4,4,4,4,2,1,4,0,3,3,1,3,3,4,0,2,4,4,2,4,1,3,2,3,3,1,4,4,4,4,4,4
15062097,1,1,4,4,4,4,3,2,1,4,0,3,2,1,3,3,4,0,1,3,3,2,3,0,4,2,2,2,0,4,4,4,4,4,4
15062100,1,3,3,3,3,2,3,4,1,4,0,3,4,1,3,2,3,2,2,4,3,2,4,0,4,4,4,3,0,3,3,3,3,4,4
15062101,0,1,4,4,4,4,4,3,1,4,0,3,4,0,4,2,4,0,2,4,2,3,3,0,4,3,2,2,1,4,4,4,4,4,4
15062102,1,2,4,4,4,3,4,3,1,4,1,3,3,0,4,2,4,2,3,4,3,1,4,0,4,4,4,1,1,4,4,4,4,4,4
15062103,3,2,4,4,4,4,4,2,0,4,0,4,4,4,0,0,4,1,2,4,3,0,3,1,3,3,3,4,0,4,4,4,4,4,4
15062105,0,2,4,4,4,4,4,2,1,4,0,3,3,1,3,3,4,0,2,4,4,2,4,1,3,2,3,3,1,4,4,4,4,4,4
15062106,2,1,4,4,4,4,4,3,2,4,0,2,3,3,1,1,4,1,1,4,2,1,3,1,3,2,3,4,0,4,4,4,4,4,4
15062107,0,1,4,4,4,3,4,2,2,4,0,2,4,2,1,2,4,2,3,4,4,2,4,0,4,3,2,3,0,4,4,4,4,4,4
15062108,2,1,4,4,4,4,4,3,2,4,0,2,3,3,1,1,4,1,1,4,2,1,3,1,3,2,3,4,0,4,4,4,4,4,4
15062109,2,2,4,4,4,4,4,4,1,3,0,3,3,2,2,1,4,0,2,4,4,3,3,0,4,2,2,3,1,4,4,4,4,4,4
15062112,0,2,4,4,4,4,4,2,1,4,0,3,3,1,3,3,4,0,2,4,4,2,4,1,3,2,3,3,1,4,4,4,4,4,4
15062115,1,1,4,4,4,4,3,2,0,3,0,4,4,1,3,2,4,0,2,4,4,1,4,0,4,4,4,3,0,4,4,4,4,4,4
15062117,2,2,4,4,4,4,4,4,1,3,0,3,3,2,2,1,4,0,2,4,4,3,3,0,4,2,2,3,1,4,4,4,4,4,4
15062118,2,2,4,4,4,4,4,4,1,3,0,3,3,2,2,1,4,0,2,4,4,3,3,0,4,2,2,3,1,4,4,4,4,4,4
15062119,1,1,4,4,4,4,4,3,1,4,0,3,2,1,3,3,4,1,0,4,2,1,3,0,4,2,2,4,2,4,4,4,4,4,4
15062122,2,0,4,4,4,4,3,3,1,2,0,3,3,0,4,1,4,1,2,3,4,1,3,0,4,3,1,3,0,4,4,4,4,3,3
15062124,0,2,4,4,4,4,4,3,1,4,0,3,3,2,2,3,4,0,3,3,4,2,3,0,4,2,0,3,0,4,4,4,4,3,3
15062126,0,2,4,4,4,4,4,2,1,4,0,3,3,1,3,3,4,0,2,4,3,2,4,1,3,2,3,3,2,4,4,4,4,4,4
15062133,0,1,4,4,4,3,4,1,0,4,0,4,2,0,4,4,4,2,3,4,3,2,4,0,4,1,1,3,0,4,4,4,4,3,3
15062136,3,1,4,4,4,4,4,4,1,4,0,3,3,1,3,4,4,1,2,2,3,0,3,1,3,1,3,4,2,4,4,4,4,4,4
15062139,1,1,4,4,4,2,4,2,1,4,0,3,2,0,4,4,4,2,3,4,4,3,2,0,4,2,1,4,0,4,4,4,4,4,4
15062143,0,1,4,4,4,4,4,3,1,4,0,3,4,0,4,2,4,0,2,4,2,3,3,0,4,3,2,2,1,4,4,4,4,4,4
15062144,0,2,4,4,4,4,4,2,1,4,0,3,3,1,3,3,4,0,2,4,4,2,4,1,3,2,3,3,1,4,4,4,4,4,4
15062145,1,2,4,4,4,4,3,4,2,3,0,2,3,1,3,2,4,1,2,4,3,2,3,0,4,3,3,4,2,4,4,4,4,4,4
15062146,1,1,4,4,4,3,4,0,2,4,0,2,3,0,4,4,4,2,3,3,4,2,3,0,4,1,2,2,1,4,4,4,4,3,3
15062147,1,1,4,4,4,2,4,2,1,4,0,3,2,0,4,4,4,2,3,4,4,3,2,0,4,2,1,4,0,4,4,4,4,4,4
15062149,1,1,4,4,4,2,4,2,1,4,0,3,2,0,4,4,4,2,3,4,4,3,2,0,4,2,1,4,0,4,4,4,4,4,4
15062150,2,1,4,4,4,4,4,3,2,3,0,2,2,1,3,2,4,3,4,4,2,1,4,0,4,2,2,4,0,4,4,4,4,3,2
15062151,0,0,4,4,4,3,4,2,2,4,0,2,4,1,2,1,4,1,4,4,3,2,4,0,4,2,1,3,0,4,4,4,4,4,4
15062152,2,1,4,4,4,4,4,3,2,4,0,2,3,3,1,1,4,1,1,4,2,1,3,1,3,2,3,4,0,4,4,4,4,4,4
15062153,2,1,4,4,4,4,4,3,2,4,0,2,3,3,1,1,4,1,1,4,2,1,3,1,3,2,3,4,0,4,4,4,4,4,4
15062332,3,2,3,3,3,3,2,3,0,4,0,4,4,1,3,2,3,1,4,4,3,3,4,1,3,2,3,4,0,3,3,3,3,4,4
15062333,1,1,4,4,4,4,3,3,1,4,0,3,3,2,2,2,4,1,3,3,3,1,3,0,4,2,3,4,2,4,4,4,4,4,4
15062334,3,2,3,3,3,3,2,3,0,4,0,4,4,1,3,2,3,1,4,4,3,3,4,1,3,2,3,4,0,3,3,3,3,4,4
15062335,2,1,4,4,4,3,4,4,2,4,0,2,NA,2,2,3,4,1,2,3,3,2,2,2,2,3,2,4,0,4,4,4,4,4,4
15062337,2,2,4,4,4,4,4,4,1,3,0,3,3,2,2,1,4,0,2,4,4,3,3,0,4,2,2,3,1,4,4,4,4,4,4
15062338,2,2,4,4,4,4,4,4,1,3,0,3,3,2,2,1,4,0,2,4,4,3,3,0,4,2,2,3,1,4,4,4,4,4,4
15062339,1,1,4,4,4,2,3,4,1,4,0,3,4,1,3,3,4,2,3,4,4,1,4,0,4,2,2,2,0,4,4,4,4,4,4
15062344,1,0,4,4,4,2,4,2,0,4,0,4,3,1,3,3,4,2,2,3,4,0,3,0,4,2,1,3,0,4,4,4,4,4,4
15062346,1,1,4,4,4,4,3,3,0,4,1,4,4,1,3,1,4,2,3,4,4,2,3,0,4,1,2,2,0,4,4,4,4,4,4
15062347,2,2,4,4,4,4,2,4,2,4,0,2,2,1,3,3,4,1,1,4,3,2,3,0,4,2,2,4,1,4,4,4,4,4,4
15062349,1,1,4,4,4,4,4,3,1,4,0,3,2,1,3,3,4,1,0,4,2,1,3,0,4,2,2,4,2,4,4,4,4,4,4
15062350,1,1,4,4,4,4,4,3,2,4,0,2,3,0,4,2,4,1,4,4,2,1,3,0,4,0,2,3,1,4,4,4,4,4,4
15062351,0,1,4,4,4,3,4,1,0,4,0,4,2,0,4,4,4,2,3,4,3,2,4,0,4,1,1,3,0,4,4,4,4,3,3
15062353,1,2,4,4,4,4,3,3,1,3,0,3,3,1,3,1,4,1,1,3,4,2,3,0,4,2,1,3,1,4,4,4,4,4,4
15062354,2,2,4,4,4,4,4,4,1,3,0,3,3,2,2,1,4,0,2,4,4,3,3,0,4,2,2,3,1,4,4,4,4,4,4
15062356,1,1,4,4,4,3,4,0,2,4,0,2,3,0,4,4,4,2,3,3,4,2,3,0,4,1,2,2,1,4,4,4,4,3,3
15062357,0,2,4,4,4,4,4,2,1,4,0,3,3,1,3,3,4,0,2,4,4,2,4,1,3,2,3,3,1,4,4,4,4,4,4
15062358,2,1,4,4,4,4,4,3,2,4,0,2,3,3,1,1,4,1,1,4,2,1,3,1,3,2,3,4,0,4,4,4,4,4,4
15062359,0,0,3,3,3,3,4,2,0,4,1,4,3,3,1,2,3,1,3,1,3,2,4,0,4,4,3,2,0,3,3,3,3,4,4
15062360,1,2,3,3,3,3,3,2,1,4,0,3,4,0,4,3,3,0,3,3,4,2,4,0,4,2,2,3,0,3,3,3,3,4,4
15062361,0,3,4,4,4,4,4,2,2,4,0,2,3,2,2,3,4,1,3,4,2,3,3,0,4,3,3,3,2,4,4,4,4,4,4
15062363,1,1,3,3,3,4,4,0,1,4,0,3,3,0,4,2,3,0,3,3,3,2,3,0,4,2,0,2,1,3,3,3,3,3,3
15062366,0,1,4,4,4,4,4,2,1,4,0,2,3,2,1,1,4,0,1,4,3,1,4,0,4,2,1,4,0,4,4,4,4,3,3
15062367,1,1,4,4,4,4,3,2,0,3,0,4,4,1,3,2,4,0,2,4,4,1,4,0,4,4,4,3,0,4,4,4,4,4,4
15062368,2,2,4,4,4,4,4,4,1,3,0,3,3,2,2,1,4,0,2,4,4,3,3,0,4,2,2,3,1,4,4,4,4,4,4
15062369,1,1,4,4,4,2,4,2,1,4,0,3,2,0,4,4,4,2,3,4,4,3,2,0,4,2,1,4,0,4,4,4,4,4,4
15062371,3,2,3,3,3,3,2,3,0,4,0,4,4,1,3,2,3,1,4,4,3,3,4,1,3,2,3,4,0,3,3,3,3,4,4
