SAMPLES,c1_11920,c1_13135,c1_2112,c1_2953,c1_2978,c1_4604,c1_6252,c1_7325,c1_821,c1_8215,c1_8944,c2_12622,c2_1542,c2_18549,c2_18684,c2_1993,c2_19949,c2_2464,c2_27216,c2_2856,c2_31370,c2_34864,c2_41405,c2_41412,c2_43998,c2_44000,c2_51974,c2_53177,c2_56145,c2_56547,c2_5901,c2_7631,c2_7785,c2_8790,c2_8867
15061942,0,0,0,4,0,3,0,2,2,4,4,4,3,4,4,4,4,0,4,0,4,3,4,4,3,3,3,0,4,4,4,2,4,0,4
15061763,1,0,0,4,0,3,1,2,2,4,4,4,2,4,4,4,3,0,2,0,4,3,4,4,2,2,3,1,4,4,4,3,3,0,4
15061801,1,1,1,3,0,1,0,3,1,4,3,4,2,4,4,4,4,0,2,0,4,4,3,3,4,4,3,0,3,4,4,2,4,1,3
15061494,2,0,0,4,0,2,0,1,0,3,4,4,2,4,4,3,4,0,1,1,3,4,4,4,2,2,3,0,4,3,3,4,4,0,4
15061613,0,1,1,3,1,1,0,3,0,4,4,4,3,4,4,4,4,0,2,0,4,4,3,3,3,3,3,0,3,4,4,2,4,1,3
15062137,1,0,0,4,0,2,1,3,2,3,4,4,2,4,4,3,3,0,1,1,3,2,4,4,3,3,3,1,4,3,3,2,3,0,4
15061319,2,0,0,4,1,2,1,2,1,3,4,4,3,4,4,3,3,0,4,1,3,4,4,4,3,3,3,1,4,3,3,2,3,0,4
15062142,1,1,1,3,1,1,0,3,0,3,4,2,3,3,3,3,4,1,1,1,3,4,3,3,4,4,3,0,3,3,3,4,4,1,3
15060320,0,0,0,4,0,2,0,3,1,4,4,4,2,4,4,4,4,0,3,0,4,4,4,4,2,2,3,0,4,4,4,2,4,0,4
15061768,0,0,0,4,0,3,0,3,1,3,4,4,2,4,4,3,4,0,2,1,3,4,4,4,4,4,3,0,4,3,3,3,4,0,4
15061522,1,0,0,4,0,1,0,3,1,4,4,4,2,4,4,4,4,0,2,0,4,4,4,4,2,3,3,0,4,4,4,3,4,0,4
15060081,3,1,1,3,2,2,1,1,1,3,3,3,2,3,3,3,2,0,3,1,NA,4,3,3,2,2,3,1,3,3,2,1,3,1,3
15061656,1,1,1,3,1,3,0,2,2,3,4,3,3,2,2,3,4,0,4,1,3,3,3,3,4,4,3,0,3,3,3,2,4,1,3
15061759,0,0,0,4,0,2,0,2,0,2,4,4,2,4,4,2,4,1,2,2,2,4,4,4,3,3,3,0,4,2,2,2,4,0,4
15061928,0,0,0,4,0,3,0,3,0,2,4,4,1,4,4,2,4,1,0,2,2,4,4,4,3,3,3,0,4,2,2,3,4,0,4
15061454,1,0,0,4,0,2,0,0,0,3,4,4,2,4,4,3,4,0,3,1,3,3,4,4,3,3,3,0,4,3,3,4,4,0,4
15061605,1,1,1,3,1,1,0,2,1,4,4,4,4,4,4,4,4,0,2,0,4,4,3,3,2,2,3,0,3,4,4,3,4,1,3
15060087,1,0,0,4,0,3,1,3,2,3,4,4,3,4,4,3,3,0,3,1,3,3,4,4,4,4,3,1,4,3,3,2,3,0,4
15061619,1,0,0,4,0,2,1,3,2,3,4,4,2,4,4,3,3,0,1,1,3,2,4,4,3,3,3,1,4,3,3,2,3,0,4
15060090,1,1,1,4,0,1,0,4,1,4,3,3,1,3,4,4,4,1,3,0,4,3,3,3,3,3,3,0,3,4,4,1,4,0,4
15061731,1,0,0,4,0,2,1,3,2,3,4,4,2,4,4,3,3,0,1,1,3,2,4,4,3,3,3,1,4,3,3,2,3,0,4
15061655,1,2,2,3,1,2,1,2,0,3,4,4,1,2,2,3,3,0,4,1,3,3,3,3,4,4,3,1,3,3,3,3,3,1,3
15061661,0,1,1,3,1,1,0,3,0,4,4,4,3,4,4,4,4,0,2,0,4,4,3,3,3,3,2,0,3,4,4,2,4,1,3
15061499,0,0,0,4,1,2,0,2,2,4,4,4,3,4,4,4,4,0,3,0,4,4,4,4,4,4,3,0,4,4,4,2,4,0,4
15061647,2,0,0,4,1,2,1,2,1,3,4,4,3,4,4,3,3,0,4,1,3,4,4,4,3,3,3,1,4,3,3,2,3,0,4
15061612,2,0,0,4,0,2,2,1,0,4,4,4,2,4,4,4,2,0,3,0,4,3,4,4,3,3,3,2,4,4,4,4,2,0,4
15061742,0,0,0,4,1,2,0,2,2,4,4,4,3,4,4,4,4,0,3,0,4,4,4,4,4,4,3,0,4,4,4,2,4,0,4
15061710,1,0,0,4,0,2,0,2,1,3,4,4,1,4,4,3,4,0,2,1,3,4,4,4,3,3,3,0,4,3,3,3,4,0,4
15062372,2,1,1,3,1,2,0,2,1,4,4,4,3,3,3,4,4,0,1,0,4,4,3,3,4,4,3,0,3,4,4,1,4,1,3
15061583,0,1,1,3,1,1,0,3,0,4,4,4,3,4,4,4,4,0,2,0,4,4,3,3,3,3,3,0,3,4,4,2,4,1,3
15061767,2,0,0,4,0,2,0,2,1,4,4,4,2,4,4,4,4,0,4,0,4,4,4,4,4,4,3,0,4,4,4,2,4,0,4
15062130,1,0,0,4,1,2,1,4,2,4,4,4,3,4,4,4,3,0,3,0,4,3,4,4,4,4,3,1,4,4,4,3,3,0,4
15061637,2,0,0,4,1,2,1,2,1,3,4,4,3,4,4,3,3,0,4,1,3,4,4,4,3,3,3,1,4,3,3,2,3,0,4
15061337,1,0,0,4,0,1,1,3,1,3,4,4,2,4,4,3,3,0,2,1,3,4,4,4,3,3,3,1,4,3,3,2,3,0,4
15062104,1,0,0,4,1,3,0,2,1,4,4,4,1,4,4,4,4,0,2,0,4,4,4,4,3,3,3,0,4,4,4,2,4,0,4
15061579,1,0,0,4,0,3,1,3,1,4,4,4,2,4,4,4,3,0,3,0,4,3,4,4,4,4,3,1,4,4,4,2,3,0,4
15061932,2,2,2,2,2,2,0,1,0,2,4,2,3,4,4,3,4,1,2,2,2,4,2,2,4,4,3,0,2,2,2,3,4,2,2
15061603,1,0,0,4,0,3,1,3,2,3,4,4,3,4,4,3,3,0,3,1,3,3,4,4,4,4,3,1,4,3,3,2,3,0,4
15060025,2,0,0,4,1,2,1,2,1,3,4,4,3,4,4,3,3,0,4,1,3,4,4,4,3,3,3,1,4,3,3,2,3,0,4
15061704,2,0,0,4,1,2,1,2,1,3,4,4,3,4,4,3,3,0,4,1,3,4,4,4,3,3,3,1,4,3,3,2,3,0,4
15061334,0,0,0,4,0,2,0,3,1,4,4,4,3,4,4,4,4,0,2,0,4,3,4,4,4,4,3,0,4,4,4,4,4,0,4
15061631,1,0,0,4,0,2,0,2,1,3,4,4,1,4,4,3,4,0,2,1,3,4,4,4,3,3,3,0,4,3,3,3,4,0,4
15060964,1,0,0,4,0,1,0,3,0,4,4,4,1,4,4,4,4,0,3,0,4,3,4,4,2,2,3,0,4,4,4,3,4,0,4
15061778,1,0,0,4,0,2,1,3,2,3,4,4,2,4,4,3,3,0,1,1,3,2,4,4,3,3,3,1,4,3,3,2,3,0,4
15061718,1,0,0,4,0,2,0,0,0,3,4,4,2,4,4,3,4,0,3,1,3,3,4,4,3,3,3,0,4,3,3,4,4,0,4
15061486,1,0,0,4,0,2,0,3,1,4,4,4,3,4,4,4,4,0,3,0,4,4,4,4,3,3,3,0,4,4,4,3,4,0,4
15060214,2,1,1,3,1,1,1,1,0,3,4,4,4,4,4,3,3,1,3,1,3,4,3,3,4,4,3,1,3,3,3,3,3,1,3
15061333,1,0,0,4,0,2,1,2,0,4,4,4,1,4,4,4,3,0,3,0,4,3,4,4,3,3,3,1,4,4,4,2,3,0,4
15061962,2,2,2,2,2,2,0,1,0,2,4,2,3,4,4,3,4,1,2,2,2,4,2,2,4,4,3,0,2,2,2,3,4,2,2
15061624,1,0,0,4,0,3,1,3,2,3,4,4,3,4,4,3,3,0,3,1,3,3,4,4,4,4,3,1,4,3,3,2,3,0,4
15061282,0,1,1,3,1,1,0,3,0,4,4,4,3,4,4,4,4,0,2,0,4,4,3,3,3,3,3,0,3,4,4,2,4,1,3
15061529,1,1,0,4,1,3,1,1,0,4,4,4,2,4,4,4,3,0,3,0,4,4,4,3,4,4,3,1,4,4,4,3,3,0,3
15061935,2,2,2,2,1,2,0,1,0,2,4,2,3,4,4,3,4,1,2,2,2,4,2,2,4,4,3,0,2,2,2,3,4,2,2
15061568,0,0,0,4,0,2,0,3,2,4,4,4,2,4,4,4,4,0,2,0,4,3,4,4,3,3,3,0,4,4,4,3,4,0,4
15061491,1,0,0,4,0,2,1,3,2,3,4,4,2,4,4,3,3,0,1,1,3,2,4,4,3,3,3,1,4,3,3,2,3,0,4
15061318,1,0,0,4,0,3,1,3,2,3,4,4,4,4,4,3,3,0,3,1,3,4,4,4,3,3,3,1,4,3,3,4,3,0,4
15061361,1,0,0,4,0,1,1,3,1,3,4,4,2,4,4,3,3,0,2,1,3,4,4,4,3,3,3,1,4,3,3,2,3,0,4
15061515,2,0,0,4,0,1,1,3,3,4,4,2,3,2,1,4,3,0,3,0,4,3,4,4,3,3,3,1,4,4,4,2,3,0,4
15062123,0,0,0,4,1,2,0,2,2,4,4,4,3,4,4,4,4,0,3,0,4,4,4,4,4,4,3,0,4,4,4,2,4,0,4
15061358,2,0,0,4,1,2,1,2,1,3,4,4,3,4,4,3,3,0,4,1,3,4,4,4,3,3,3,1,4,3,3,2,3,0,4
15061428,0,0,0,4,0,2,0,3,0,4,4,4,2,4,4,4,4,0,4,0,4,4,4,4,4,4,3,0,4,4,4,3,4,0,4
15061496,1,0,0,4,0,2,0,1,0,2,4,4,2,4,4,2,4,1,2,2,2,4,4,4,2,2,3,0,4,2,2,4,4,0,4
15061648,0,0,0,4,0,2,0,2,2,4,4,4,3,4,4,4,4,0,4,0,4,4,4,4,2,2,3,0,4,4,4,3,4,0,4
15061808,1,1,1,3,1,1,0,3,1,4,3,4,2,4,4,4,4,0,2,0,4,4,3,3,4,4,3,0,3,4,4,2,4,1,3
15061600,1,0,0,4,0,0,1,1,0,4,4,4,4,4,4,4,3,1,4,0,4,4,4,4,2,3,3,1,4,4,4,2,3,0,4
15061730,2,0,0,4,0,2,1,2,1,3,4,4,2,4,4,3,3,0,2,1,3,4,4,4,3,3,3,1,4,3,3,2,3,0,4
15061623,2,0,0,4,1,2,1,2,1,3,4,4,3,4,4,3,3,0,4,1,3,4,4,4,3,3,3,1,4,3,3,2,3,0,4
15061405,0,1,1,3,1,1,0,3,0,4,4,4,3,4,4,4,4,0,2,0,4,4,3,3,3,3,2,0,3,4,4,2,4,1,3
15061299,0,1,1,3,0,1,0,3,0,4,4,4,3,4,4,4,4,0,2,0,4,4,3,3,3,3,2,0,3,4,4,2,4,1,3
15061578,1,0,0,4,1,3,0,2,1,4,4,4,1,4,4,4,4,0,2,0,4,4,4,4,3,3,3,0,4,4,4,2,4,0,4
15061476,1,0,0,4,0,3,1,3,1,4,4,4,4,4,4,4,3,0,2,0,4,4,4,4,4,4,3,1,4,4,4,4,3,0,4
15061765,1,1,0,4,1,3,1,1,0,4,4,3,2,4,4,4,3,0,3,0,4,4,4,3,4,4,3,1,4,4,4,3,3,0,3
15062111,0,0,0,4,0,2,0,2,1,3,4,4,2,4,4,3,4,0,3,1,3,4,4,4,3,3,3,0,4,3,3,2,4,0,4
15061397,1,0,0,4,0,3,1,3,2,3,4,4,3,4,4,3,3,0,3,1,3,3,4,4,4,4,3,1,4,3,3,2,3,0,4
15061713,2,0,0,4,1,2,1,2,1,3,4,4,3,4,4,3,3,0,4,1,3,4,4,4,3,3,3,1,4,3,3,2,3,0,4
15061584,3,0,0,4,1,1,0,3,1,3,4,4,3,4,4,3,4,0,4,1,3,2,4,4,2,2,3,0,4,3,3,3,4,1,4
15061912,0,0,0,4,0,3,0,2,0,4,4,4,3,4,4,4,4,0,4,0,4,4,4,4,4,4,3,0,4,4,4,4,4,0,4
15061260,2,0,0,4,1,2,1,2,1,3,4,4,3,4,4,3,3,0,4,1,3,4,4,4,3,3,3,1,4,3,3,2,3,0,4
15062099,0,0,0,4,0,1,0,3,1,3,3,4,3,4,4,3,4,0,2,1,3,4,4,4,3,3,3,0,4,3,3,4,4,0,4
15061350,1,0,0,4,0,2,1,3,1,4,4,4,1,4,4,4,3,0,3,0,4,3,4,4,2,2,3,1,4,4,4,2,3,0,4
15060933,1,0,0,4,0,2,0,4,0,4,4,4,1,4,4,4,4,1,4,0,4,2,4,4,4,4,3,0,4,4,4,2,4,0,4
15061548,3,0,0,4,1,2,0,1,2,3,4,4,4,4,4,3,4,0,2,1,3,3,4,4,3,3,NA,0,4,3,3,1,4,0,4
15061348,1,0,0,4,0,1,1,3,1,3,4,4,2,4,4,3,3,0,2,1,3,4,4,4,3,3,3,1,4,3,3,2,3,0,4
15061560,2,0,0,4,2,1,1,2,2,3,3,4,3,4,4,3,3,1,4,1,3,4,4,4,2,2,3,1,4,3,3,2,3,0,4
15061544,1,0,0,4,0,3,1,3,2,3,4,4,3,4,4,3,4,0,3,1,3,3,4,4,4,4,NA,1,4,3,3,2,3,0,4
15061449,1,0,0,4,0,2,0,0,0,3,4,4,2,4,4,3,4,0,3,1,3,3,4,4,3,3,3,0,4,3,3,4,4,0,4
15062348,0,0,0,4,0,2,0,3,0,4,4,4,2,4,4,4,4,0,4,0,4,4,4,4,4,4,3,0,4,4,4,3,4,0,4
15061916,1,0,0,4,0,1,1,3,1,3,4,4,2,4,4,3,3,0,2,1,3,4,4,4,3,3,3,1,4,3,3,2,3,0,4
15062138,1,0,0,4,0,3,1,3,2,3,4,4,3,4,4,3,3,0,3,1,3,3,4,4,4,4,3,1,4,3,3,2,3,0,4
15061946,1,0,0,4,0,2,0,1,0,2,4,4,2,4,4,2,4,1,2,2,2,4,4,4,2,2,3,0,4,2,2,4,4,0,4
15061676,1,0,0,4,0,1,1,3,1,3,4,4,2,4,4,3,3,0,2,1,3,4,4,4,3,3,3,1,4,3,3,2,3,0,4
15060536,1,0,0,4,0,2,0,3,0,4,4,4,2,4,4,4,4,0,3,0,4,4,4,4,4,4,3,0,4,4,4,3,4,0,4
15061391,1,0,0,4,0,2,1,3,2,3,4,4,2,4,4,3,3,0,1,1,3,2,4,4,3,3,3,1,4,3,3,2,3,0,4
15061662,1,0,0,4,0,2,0,0,0,3,4,4,2,4,4,3,4,0,3,1,3,3,4,4,3,3,3,0,4,3,3,4,4,0,4
15061228,1,0,0,4,1,2,0,3,2,4,4,2,2,3,3,4,4,0,3,0,4,3,4,4,4,4,3,0,4,4,4,3,4,0,3
15061356,1,1,1,4,0,1,0,4,1,4,3,3,1,3,4,4,4,1,3,0,4,3,3,3,3,3,3,0,3,4,4,1,4,0,4
15061963,1,0,0,4,0,2,1,3,2,3,4,4,2,4,4,3,3,0,1,1,3,2,4,4,3,3,3,1,4,3,3,2,3,0,4
15061338,1,0,0,4,0,3,1,3,2,3,4,4,3,4,4,3,3,0,3,1,3,3,4,4,4,4,3,1,4,3,3,2,3,0,4
15062331,1,1,1,4,0,1,0,4,1,4,3,3,1,3,4,4,4,1,3,0,4,3,3,3,3,3,3,0,3,4,4,1,4,0,4
15062098,0,0,0,4,0,2,0,3,0,4,4,4,2,4,4,4,4,0,4,0,4,4,4,4,4,4,3,0,4,4,4,3,4,0,4
15062114,1,0,0,4,0,3,1,3,1,4,4,4,2,4,4,4,3,0,3,0,4,3,4,4,4,4,3,1,4,4,4,2,3,0,4
15062046,0,0,0,4,0,3,0,2,0,4,4,4,3,4,4,4,4,0,4,0,4,4,4,4,4,4,3,0,4,4,4,4,4,0,4
15062370,1,0,0,4,1,3,0,2,1,4,4,4,1,4,4,4,4,0,2,0,4,4,4,4,3,3,3,0,4,4,4,2,4,0,4
15061685,0,0,0,4,0,2,0,3,1,4,4,4,2,4,4,4,4,0,3,0,4,4,4,4,3,3,3,0,4,4,4,2,4,0,4
15061540,0,0,0,4,1,2,0,2,2,4,4,4,3,4,4,4,4,0,3,0,4,4,4,4,4,4,3,0,4,4,4,2,4,0,4
15061721,0,0,0,4,0,1,1,2,0,4,4,4,3,4,4,4,3,1,2,0,4,4,4,4,3,3,3,1,4,4,4,4,3,0,4
15062074,2,0,0,4,1,3,1,4,1,4,4,4,2,4,4,4,3,0,2,0,4,4,4,4,3,3,3,1,4,4,4,3,3,0,4
15062362,1,0,0,4,0,1,1,3,1,3,4,4,2,4,4,3,3,0,2,1,3,4,4,4,3,3,3,1,4,3,3,2,3,0,4
15061689,1,0,0,4,0,2,1,3,2,3,4,4,2,4,4,3,3,0,1,1,3,2,4,4,3,3,3,1,4,3,3,2,3,0,4
15061357,1,0,0,4,1,3,0,2,1,4,4,4,1,4,4,4,4,0,2,0,4,4,4,4,3,3,3,0,4,4,4,2,4,0,4
15061376,0,0,0,4,0,2,0,3,0,4,4,4,2,4,4,4,4,0,4,0,4,4,4,4,4,4,3,0,4,4,4,3,4,0,4
15061308,1,0,0,4,0,2,1,3,2,3,4,4,2,4,4,3,3,0,1,1,3,2,4,4,3,3,3,1,4,3,3,2,3,0,4
