SAMPLES,Baya.LCH.C,Baya.LCH.C.GEBV,Baya.LCH.H,Baya.LCH.H.GEBV,Baya.LCH.L,Baya.LCH.L.GEBV,PriBrote.LCH.C,PriBrote.LCH.C.GEBV,PriBrote.LCH.H,PriBrote.LCH.H.GEBV,PriBrote.LCH.L,PriBrote.LCH.L.GEBV,PriFlor.LCH.C,PriFlor.LCH.C.GEBV,PriFlor.LCH.H,PriFlor.LCH.H.GEBV,PriFlor.LCH.L,PriFlor.LCH.L.GEBV,PriTuber.LCH.C,PriTuber.LCH.C.GEBV,PriTuber.LCH.H,PriTuber.LCH.H.GEBV,PriTuber.LCH.L,PriTuber.LCH.L.GEBV,Pulpa.LCH.C,Pulpa.LCH.C.GEBV,Pulpa.LCH.H,Pulpa.LCH.H.GEBV,Pulpa.LCH.L,Pulpa.LCH.L.GEBV,SecBrote.LCH.C,SecBrote.LCH.C.GEBV,SecBrote.LCH.H,SecBrote.LCH.H.GEBV,SecBrote.LCH.L,SecBrote.LCH.L.GEBV,SecTuber.LCH.C,SecTuber.LCH.C.GEBV,SecTuber.LCH.H,SecTuber.LCH.H.GEBV,SecTuber.LCH.L,SecTuber.LCH.L.GEBV,Tallo.LCH.C,Tallo.LCH.C.GEBV,Tallo.LCH.H,Tallo.LCH.H.GEBV,Tallo.LCH.L,Tallo.LCH.L.GEBV
15061942,47.141,48,117.404,118,60.605,66,31.431,26,317.076,314,32.179,33,52.713,46,317.807,323,54.061,57,24.414,46,123.941,9,40.593,39,16.644,18,76.936,90,87.015,84,6.916,7,245.54143,318,92.157,94,35.708,42,131.20893,96,66.748,80,35.577,44,181.11068,117,46.858,54
15061763,45.21,38,116.46,132,60.123,53,24.144,20,307.963,307,34.431,26,49.326,48,321.616,315,43.974,59,27.156,22,83.568,344,40.061,27,20.104,26,72.596,94,85.191,84,8.505,7,249.17642,318,95.297,96,32.487,42,154.89916,0,60.717,45,22.705,16,281.67887,359,36.312,28
15061801,35.597,48,115.721,118,54.672,66,41.868,47,320.102,352,41.846,36,45.804,26,311.86,302,57.66,75,35.793,29,78.974,17,67.722,50,12.021,6,76.772,71,89.494,92,8.274,4,41.35643,41,91.025,94,35.263,42,78.54452,96,56.418,80,39.45,44,142.11988,117,51.407,54
15061494,47.474,44,117.893,117,59.276,54,24.568,26,310.359,314,32.864,33,40.883,58,316.142,322,47.78,43,18.748,8,263.787,313,48.166,29,11.222,6,83.72,71,88.677,92,7.759,7,192.83623,318,94.749,94,30.215,29,113.20995,7,44.33,30,23.628,16,239.59871,359,38.416,28
15061613,43.185,45,116.352,128,57.783,58,35.471,26,316.34,314,40.073,33,49.1,49,318.867,320,46.005,54,27.836,33,176.363,10,40.709,43,9.499,4,71.41,41,90.548,94,4.938,7,272.31594,318,95.316,96,33.765,20,115.7411,78,70.16,86,46.015,44,109.70191,117,53.324,54
15062137,45.783,44,117.503,117,59.689,54,31.45,55,293.506,329,40.197,36,52.874,58,324.173,322,46.14,43,20.487,16,195.342,3,42.095,30,15.918,6,85.301,71,86.675,92,12.376,4,200.31979,41,85.152,94,33.863,41,92.96127,86,69.936,80,26.844,16,274.41362,359,38.323,28
15061319,46.477,45,116.409,115,60.545,72,27.881,20,311.653,307,35.571,26,44.536,42,311.283,312,55.771,49,31.91,41,101.4,21,46.475,44,19.581,6,90.59,71,84.375,92,6.543,5,223.87878,344,95.357,95,35.637,40,103.8742,69,60.894,66,38.108,44,147.79228,117,52.073,54
15062142,44.406,59,115.939,106,56.925,69,42.429,57,326.715,327,42.015,45,50.842,58,318.861,322,48.773,43,38.436,41,51.136,86,68.077,80,13.434,6,71.265,71,87.094,92,5.434,4,204.5085,41,97.888,94,36.959,39,13.24434,17,57.135,43,47.685,44,69.58716,117,55.053,54
15060320,46.525,48,115.657,118,61.354,66,48.014,53,324.514,346,40.642,39,50.72,57,324.769,327,46.455,45,42.931,42,169.075,96,42.61,80,17.678,18,83.558,90,87.216,84,5.746,4,147.37384,41,96.951,94,33.693,39,67.19774,21,50.287,48,42.368,44,166.27549,117,52.863,54
15061768,46.11,48,116.33,118,61.182,66,30.977,49,309.713,301,35.384,36,45.204,58,323.09,322,39.32,43,25.959,33,219.85,10,45.355,43,5.941,6,73.561,71,91.332,92,4.839,7,186.80615,318,94.072,96,34.851,36,108.74961,83,74.037,79,39.218,44,151.82474,117,50.229,54
15061522,38.58,48,117.464,118,58.901,66,29.743,20,319.534,307,37.569,26,51.422,58,317.568,322,43.379,43,29.901,47,77.567,85,40.181,76,16.4,6,77.167,71,87.035,92,6.815,4,223.06962,344,93.943,94,38.064,32,104.11586,14,75.877,38,25.509,16,282.73291,359,40.363,28
15060081,43.214,32,115.757,112,58.072,58,24.992,20,312.785,307,40.998,26,42.754,45,306.039,305,63.845,52,31.303,41,80.9,86,49.213,80,18.434,5,90.101,52,85.628,94,9.017,5,277.95599,344,90.279,95,34.302,29,84.73489,7,62.888,30,40.379,44,134.29221,117,54.014,54
15061656,44.03,45,118.624,128,58.745,58,47.667,42,315.994,316,39.211,41,43.867,36,245.115,309,53.973,66,38.983,36,127.543,346,74.637,42,11.389,6,87.383,71,88.324,92,6.233,5,206.23036,344,95.999,95,33.895,26,70.92382,80,60.631,82,45.496,38,96.02273,132,58.349,53
15061759,49.115,59,117.363,106,63.554,69,31.436,40,315.096,308,32.459,38,41.141,58,316.775,312,42.395,33,36.998,45,128.293,83,50.725,77,13.172,26,77.252,94,86.673,84,4.859,7,190.08558,318,93.687,96,32.967,16,204.46531,3,55.091,30,41.357,44,111.13252,117,53.63,54
15061928,41.755,44,114.729,117,57.947,54,37.399,35,311.076,303,41.632,65,52.735,57,333.958,327,44.551,45,27.042,11,121.067,328,45.112,30,14.43,6,80.41,71,86.533,92,5.835,7,319.08489,318,94.58,96,35.771,41,115.61833,86,62.94,80,37.989,16,235.14866,359,44.827,28
15061454,42.632,44,117.179,117,57.884,54,26.608,40,318.078,308,30.636,38,50.773,58,318.896,312,48.006,43,26.555,19,170.17,5,45.771,27,17.179,18,78.583,90,85.241,84,4.891,4,175.01099,41,94.837,94,38.536,42,90.7739,96,76.648,80,36.673,44,158.56317,117,46.531,54
15061605,43.709,48,119.016,118,59.278,66,47.461,49,320.547,320,43.747,54,51.568,43,294.762,319,52.135,61,40.842,42,176.426,96,55.007,80,12.946,8,72.233,95,89.127,89,5.703,7,225.26678,318,94.919,96,35.245,43,135.8175,355,54.501,51,39.288,44,121.23144,117,50.005,54
15060087,43.949,28,115.762,115,60.316,50,24.745,20,307.258,307,31.44,26,51.685,60,319.886,332,46.036,41,16.69,11,163.325,328,35.256,30,8.056,4,69.101,41,90.458,94,5.036,5,177.80569,344,95.091,95,39.191,32,105.17576,84,75.101,81,23.627,16,291.21521,359,33.522,28
15061619,45.783,38,117.748,132,59.689,53,31.45,53,293.506,346,40.197,39,52.874,58,324.173,322,46.14,43,20.487,11,195.342,318,42.095,28,15.918,18,85.301,90,86.675,84,12.376,7,199.91867,318,85.152,96,33.863,41,79.40124,86,69.936,80,26.844,16,273.74912,359,38.323,28
15060090,40.725,48,119.658,118,56.269,66,35.428,20,321.303,307,34.342,26,49.122,60,324.661,332,52.864,41,32.266,36,149.979,346,55.527,42,11.359,5,69.407,52,89.95,94,6.843,7,210.44839,318,93.466,95,34.273,32,76.06912,84,66.802,81,37.044,44,140.78545,117,51.256,54
15061731,45.783,48,117.748,118,59.689,66,32.157,41,293.506,347,40.197,35,52.874,49,324.173,320,46.14,54,20.487,43,195.342,355,42.095,51,15.918,18,85.301,90,86.675,84,12.376,7,201.00078,318,85.152,95,33.863,36,79.16394,83,69.936,79,27.472,16,262.75503,359,39.306,28
15061655,43.478,48,116.735,118,59.754,66,31.489,55,315.652,329,46.941,36,37.161,36,325.297,309,56.375,66,39.151,47,121.256,85,59.266,76,16.257,18,94.013,90,85.557,84,10.22,4,131.52222,41,92.245,94,34.282,29,100.37866,17,57.243,50,49.229,44,135.68991,117,51.404,54
15061661,43.185,38,116.352,132,57.783,53,35.471,40,316.34,308,40.073,38,49.1,36,318.867,319,46.005,67,27.836,36,176.363,346,40.709,42,9.499,3,70.442,32,90.569,92,4.938,7,272.03162,318,95.316,96,33.765,41,114.93916,86,70.16,80,46.015,44,107.56526,117,53.324,54
15061499,47.106,59,115.996,106,61.923,69,29.7,26,315.761,314,32.405,33,53.753,36,321.942,309,47.348,66,38.435,41,73.622,86,65.044,80,19.869,18,77.815,90,85.45,84,6.849,7,289.71564,318,96.557,96,33.519,39,41.54462,17,58.831,43,50.784,44,82.61146,117,55.25,54
15061647,46.477,44,116.409,117,60.545,54,27.881,28,311.653,306,32.787,27,44.536,45,311.283,305,55.771,52,31.91,47,101.4,85,46.475,76,19.581,6,90.59,71,84.375,92,6.543,4,205.44566,41,95.357,94,35.637,28,102.80085,345,60.894,30,38.108,44,148.50138,117,52.073,54
15061612,42.265,44,116.726,117,57.206,54,23.594,26,302.894,314,33.905,33,41.217,58,322.216,322,45.444,43,33.099,41,46.282,86,48.991,80,9.254,6,72.593,71,89.157,92,8.544,7,258.02069,318,93.165,95,31.859,33,198.48076,324,54.024,31,24.403,16,288.13264,359,38.713,28
15061742,47.106,32,115.796,111,61.923,63,29.7,20,317.428,307,31.674,26,53.753,57,321.942,327,47.348,45,38.435,35,63.393,83,65.044,75,19.869,6,77.815,71,85.45,92,6.849,4,288.4423,41,96.557,94,33.687,37,57.29541,18,58.831,42,50.784,44,84.59303,117,55.25,54
15061710,40.363,59,117.704,106,58.656,69,26.237,20,312.553,307,29.409,26,48.798,57,318.695,327,49.829,45,17.242,8,242.219,313,39.896,29,27.499,42,110.21,96,83.017,80,4.997,7,275.6561,318,94.37,96,36.201,41,96.59837,85,73.378,79,27.915,16,246.04525,359,38.299,28
15062372,42.436,44,117.142,117,58.65,54,24.323,28,315.81,306,31.562,27,41.796,35,331.166,303,54.396,65,28.426,16,231.994,359,54.863,28,23.903,26,89.083,94,84.004,84,5.403,7,234.97672,318,94.189,96,30.373,35,95.92547,83,70.29,75,33.717,44,132.79441,117,47.236,54
15061583,43.185,44,116.352,117,57.783,54,35.471,39,316.34,308,40.854,54,49.1,48,318.867,315,46.005,59,27.836,26,176.363,342,40.709,50,10.393,6,71.41,71,90.524,92,4.938,7,270.28562,318,95.316,96,33.765,18,113.72853,90,70.16,84,46.015,44,109.14978,117,53.324,54
15061767,47.58,59,116.869,106,62.631,69,22.576,20,311.613,307,32.635,26,44.143,35,307.528,303,50.398,65,20.471,11,256.429,328,27.982,30,20.57,26,83.12,94,85.85,84,6.794,4,255.23566,41,94.074,94,30.101,25,115.22787,28,67.508,45,43.569,44,130.15516,117,53.985,54
15062130,48.6,59,114.968,106,60.047,69,41.146,47,314.217,352,41.75,36,43.214,41,317.762,320,52.383,48,35.873,35,78.905,16,37.411,40,13.887,6,73.251,71,89.227,92,8.924,7,261.12069,318,95.523,96,30.414,35,103.67303,83,67.481,75,46.092,44,125.70365,117,55.756,54
15061637,46.477,59,116.409,106,60.545,69,27.527,20,311.653,307,32.787,26,44.536,58,311.283,322,55.771,43,31.91,35,101.4,83,46.475,75,19.581,18,90.59,90,84.375,84,6.543,7,203.6097,318,95.357,96,35.469,33,103.2907,10,60.894,43,38.108,38,147.81899,132,52.073,53
15061337,44.145,44,117.528,117,57.45,54,24.842,26,306.506,314,30.111,33,48.221,57,320.433,317,44.841,49,26.609,28,73.841,345,34.745,30,15.16,18,84.609,90,85.754,84,5.094,7,177.22212,318,94.7,96,37.606,35,132.41687,22,73.338,80,34.914,44,160.18636,117,47.62,54
15062104,43.63,45,119.937,128,58.332,58,25.688,20,315.343,307,30.159,26,49.796,58,318.284,312,44.219,33,18.065,36,214.204,83,33.834,79,20.376,18,82.396,90,85.782,84,6.38,4,115.0796,41,95.481,94,37.634,32,107.03842,5,75.501,42,30.85,44,232.6499,117,40.593,54
15061579,44.402,45,113.957,115,59.243,72,32.818,26,311.616,314,38.699,33,52.122,58,324.32,322,43.078,43,34.724,16,159.471,3,47.451,30,14.038,6,87.915,71,86.986,92,7.176,4,165.11576,41,96.129,94,29.988,42,150.29383,96,56.003,80,29.259,16,255.99935,359,38.258,28
15061932,45.667,45,116.28,128,56.858,58,42.504,45,319.195,330,50.579,52,46.69,46,321.111,323,56.763,57,39.443,42,74.502,96,75.049,80,17.113,6,85.149,71,88.946,92,9.227,4,197.35651,41,94.266,94,36.026,28,43.3231,84,58.656,41,48.714,44,96.9911,117,55.185,54
15061603,43.949,48,115.762,118,60.316,66,24.745,28,307.258,306,31.44,27,51.685,39,319.886,319,46.036,42,16.69,8,163.325,313,35.256,29,8.056,3,69.101,32,90.458,92,5.036,7,166.78964,318,95.091,96,39.191,42,104.85768,96,75.101,80,23.627,44,289.66954,117,33.522,54
15060025,46.477,48,116.409,118,60.545,66,27.881,20,311.653,307,35.571,26,44.536,45,311.283,305,55.771,52,31.234,47,113.896,85,46.475,76,18.354,5,90.59,52,85.024,94,6.543,7,222.07052,318,95.357,95,35.469,19,102.20283,5,60.894,27,38.108,44,146.7792,117,52.073,54
15061704,46.477,75,116.409,107,60.545,76,27.881,28,311.653,306,32.787,27,44.536,37,311.283,293,55.771,61,31.234,19,113.896,5,46.475,27,18.354,6,90.59,71,85.024,92,6.543,4,204.44991,41,95.357,94,35.637,47,103.73588,85,60.894,76,38.108,44,146.9458,117,52.073,54
15061334,45.477,48,117.178,118,60.359,66,42.556,49,316.082,320,40.887,54,54.184,57,324.984,327,42.599,45,26.729,32,148.958,14,36.324,38,10.41,26,82.234,94,87.759,84,7.742,7,235.47658,318,91.511,96,37.905,47,126.76113,85,68.824,76,29.951,44,182.99253,117,42.348,54
15061631,40.363,48,117.489,118,58.656,66,26.237,28,312.553,306,29.409,27,49.819,58,319.91,322,48.415,43,17.242,11,242.219,318,39.66,28,24.018,6,110.21,71,83.802,92,4.997,4,277.92723,41,94.37,94,36.201,47,96.61391,85,74.35,76,27.915,16,245.02459,359,38.299,28
15060964,41.195,38,115.794,132,55.489,53,39.41,40,323.7,309,34.584,43,53.645,39,320.448,321,48.083,36,32.088,16,93.979,359,24.882,28,16.543,32,69.152,84,85.449,81,7.146,7,266.19168,318,94.512,96,34.988,47,142.03445,85,67.364,76,47.083,44,118.46432,117,56.536,54
15061778,45.783,44,117.748,117,59.689,54,32.157,58,293.506,322,42.356,43,52.874,58,324.173,322,46.14,43,20.487,11,195.342,318,42.095,28,15.918,42,85.301,96,86.675,80,12.376,7,201.15025,318,85.152,96,33.863,41,84.74378,86,69.936,80,27.472,16,263.167,359,39.306,28
15061718,42.632,44,117.299,128,57.884,54,26.608,26,319.147,307,30.636,33,50.773,40,318.896,305,48.006,59,26.555,11,170.17,318,45.771,28,17.179,6,78.583,71,85.241,92,4.891,7,173.65276,318,94.837,96,38.536,36,90.89378,83,76.648,79,36.673,21,159.93772,132,46.531,49
15061486,50.395,44,117.506,117,60.818,54,29.292,26,315.673,314,32.549,33,46.79,45,324.996,310,38.743,58,23.981,8,213.804,313,56.367,29,5.843,6,73.592,88,90.904,92,4.202,7,170.65739,318,93.614,96,29.804,35,187.60501,86,53.798,80,26.973,44,261.55436,117,40.389,54
15060214,46.553,44,117.169,117,58.051,54,42.425,53,320.48,315,43.58,62,35.909,39,263.812,321,57.698,36,36.823,47,73.879,85,71.572,76,21.355,6,89.349,71,88.747,92,6.154,7,156.10992,318,95.359,95,34.492,37,67.34283,12,59.929,41,50.797,44,47.15601,117,58.801,54
15061333,46.162,44,116.804,117,58.14,54,29.461,28,320.34,306,31.282,27,47.247,45,299.246,305,49.896,52,20.523,8,160.343,313,38.655,29,11.617,18,81.428,90,86.729,84,4.842,7,232.36116,318,96.55,96,33.759,36,181.79292,96,64.323,30,37.136,44,182.69016,117,47.595,54
15061962,45.667,44,116.28,117,56.858,54,42.582,55,319.195,328,50.579,52,46.69,49,321.111,320,56.763,54,39.443,35,74.502,83,75.049,75,17.113,6,85.149,71,88.946,92,9.227,4,197.51526,41,94.266,94,36.026,29,41.47947,17,58.656,50,48.714,44,103.46116,117,55.185,54
15061624,43.949,44,115.762,117,60.316,54,25.869,55,307.258,329,29.657,36,50.55,40,319.886,308,46.036,38,16.69,39,163.325,17,35.256,43,8.056,6,69.101,71,90.458,92,4.99,4,165.69479,41,95.091,94,38.242,42,105.9617,96,75.101,80,23.627,44,289.98088,117,33.522,54
15061282,43.185,32,116.352,112,57.783,58,35.471,28,317.327,306,40.073,27,49.1,58,318.867,322,46.005,43,27.836,26,176.363,342,40.709,50,9.499,6,71.41,71,90.548,92,4.938,7,273.40357,318,95.316,96,33.765,6,115.51708,71,70.16,92,46.015,44,107.45632,117,53.324,54
15061529,47.399,48,115.682,118,59.941,66,26.501,26,311.009,314,28.558,33,13.192,6,120.468,71,79.795,92,24.952,11,194.598,328,45.916,30,19.923,18,96.053,90,86.157,84,9.259,7,221.13998,318,95.625,96,34.318,39,113.02045,86,59.093,80,32.708,44,181.85447,117,49.977,54
15061935,45.667,59,116.28,106,56.858,69,42.504,57,320.601,347,50.579,54,46.69,55,321.111,329,56.763,36,39.443,37,74.502,18,75.049,42,17.113,6,85.149,71,88.946,92,8.637,4,197.49263,41,93.527,94,36.026,41,45.0337,86,58.04,80,48.714,44,99.48715,117,55.185,54
15061568,43.603,44,116.177,117,59.145,54,40.77,49,319.62,320,35.13,54,51.81,58,334.586,322,50.12,43,29.522,42,82.299,96,24.759,80,8.674,18,66.643,90,87.621,84,8.076,4,214.07661,41,93.405,94,34.377,37,107.63579,18,69.42,42,40.264,44,123.54337,117,54.512,54
15061491,45.783,59,117.748,106,59.689,69,32.157,58,293.506,336,40.197,48,52.874,58,324.173,322,46.14,43,20.487,11,195.342,328,42.095,30,15.918,18,85.301,90,86.675,84,12.376,7,197.82571,318,85.152,95,33.863,41,78.88131,86,69.936,80,27.472,16,263.46644,359,39.306,28
15061318,47.761,44,117.253,117,57.961,54,17.506,20,302.351,307,33.523,26,42.993,55,322.149,329,46.684,36,34.29,11,112.282,328,35,30,14.506,6,85.978,71,88.318,92,7.199,4,150.73235,41,94.775,94,35.197,41,132.45897,41,68.039,82,37.162,44,157.48597,117,44.959,54
15061361,44.145,44,117.528,117,57.45,54,24.842,20,306.506,307,30.111,26,48.221,58,320.433,322,44.841,43,26.609,28,73.841,21,34.745,34,15.16,18,84.609,90,85.754,84,5.094,7,177.40572,318,94.7,96,37.606,41,131.41258,90,73.338,75,34.914,44,161.21795,117,47.62,54
15061515,43.976,32,118.111,112,57.482,58,23.934,26,306.984,314,33.765,33,10.533,6,86.704,71,87.375,92,28.474,29,123.575,17,47.137,35,20.106,18,87.418,90,85.243,84,4.698,7,177.39735,318,92.728,96,36.823,31,96.19944,53,73.1,73,36.957,19,154.63627,134,50.876,45
15062123,47.106,44,116.203,117,61.923,54,29.7,20,315.761,307,32.405,26,53.753,45,321.942,310,47.348,58,38.435,35,73.622,83,65.044,75,19.869,6,77.815,71,85.45,92,6.849,4,289.90862,41,96.086,94,33.687,37,43.17408,18,58.831,42,49.58,44,82.41265,117,55.25,54
15061358,46.477,38,116.409,132,60.545,53,27.881,28,311.653,306,32.787,27,44.536,40,311.283,314,55.771,48,31.91,41,101.4,86,46.475,80,19.581,18,90.59,90,84.375,84,6.543,7,202.86918,318,95.357,96,35.469,36,103.4775,346,60.894,42,38.108,44,148.6052,117,52.073,54
15061428,49.705,48,114.314,118,62.061,66,53.02,58,332.344,336,45.209,48,50.662,49,322.551,320,46.602,54,34.388,32,50.004,14,46.912,38,20.108,18,89.101,90,84.28,84,4.902,4,220.74074,41,95.403,94,38.636,42,75.07356,96,69.64,80,39.28,44,147.88776,117,52.819,54
15061496,45.714,44,117.499,117,59.202,54,23.567,26,311.883,314,28.673,33,51.179,58,317.6,312,43.256,33,27.912,28,115.837,22,41.627,39,13.9,6,83.231,71,85.887,92,4.094,7,256.00347,318,96.495,96,37.19,41,77.60984,86,71.311,80,27.273,16,221.84084,359,38.418,28
15061648,46.082,48,116.674,118,60.365,66,47.454,20,316.545,307,36.665,26,53.531,58,322.99,322,45.987,43,21.773,11,86.189,318,33.467,28,15.485,18,95.082,90,85.502,84,9.656,7,298.03019,318,89.645,96,35.504,37,50.45743,74,67.652,74,35.306,38,163.52888,132,48.709,53
15061808,35.597,48,115.721,118,54.672,66,46.855,47,321.135,352,40.53,36,45.804,46,311.86,323,57.66,57,35.793,32,88.468,84,67.722,81,12.021,10,76.772,96,89.494,88,8.04,4,47.99155,41,91.765,94,35.313,29,56.29404,17,56.418,50,39.45,44,140.04041,117,51.407,54
15061600,45.707,44,120.345,117,59.412,54,33.356,43,322.792,319,44.823,61,48.859,40,318.254,326,50.433,63,26.458,29,93.227,17,38.998,35,9.216,18,80.145,90,89.763,84,3.962,7,186.45412,318,97.901,96,39.571,32,78.28352,84,74.183,81,34.566,44,128.84817,117,50.155,54
15061730,44.853,28,118.921,115,58.151,50,29.938,39,308.647,319,40.182,42,46.355,45,317.967,305,47.939,52,26.768,19,49.558,5,52.038,27,17.122,18,86.389,90,85.031,84,5.29,7,239.0817,318,96.934,96,33.929,41,105.78976,86,63.507,80,17.764,16,287.01314,359,30.424,28
15061623,46.477,48,116.409,118,60.545,66,27.881,20,311.653,307,32.787,26,44.536,40,311.283,308,55.771,38,31.91,32,101.4,25,46.475,42,19.581,6,90.59,71,84.375,92,6.543,7,225.6722,318,95.357,96,35.469,42,105.10549,96,60.894,80,38.108,44,146.24023,117,52.073,54
15061405,43.185,28,116.352,115,57.783,50,35.471,20,317.327,307,40.073,26,49.1,45,319.634,310,46.005,58,27.836,36,176.363,346,40.709,42,9.499,6,70.442,71,90.548,92,4.938,4,272.76654,41,95.316,94,33.765,35,114.73903,17,70.16,75,46.015,44,107.72053,117,53.324,54
15061299,43.185,44,116.352,117,57.783,54,35.471,40,316.082,309,40.073,43,49.1,43,318.867,319,46.005,61,27.836,33,194.786,10,35.984,43,9.499,6,70.442,71,90.548,92,4.348,7,274.81239,318,95.316,96,33.765,26,114.32347,80,70.16,82,46.015,44,107.93664,117,53.324,54
15061578,43.63,44,120.113,117,57.964,54,25.688,55,315.343,329,30.159,36,49.796,43,318.284,319,44.219,61,18.065,16,214.204,3,33.834,30,20.376,6,82.396,71,85.177,92,6.38,4,140.64894,41,95.481,94,37.634,36,127.88725,83,76.723,79,30.85,16,232.44229,359,40.593,28
15061476,46.292,50,116.831,115,58.762,71,32.72,26,313.555,314,36.165,33,36.33,42,308.037,312,62.097,49,27.099,22,99.541,344,39.697,27,16.038,6,90.077,71,88.041,92,9.109,4,243.0543,41,93.691,94,37.985,42,66.3775,96,67.66,80,29.145,16,269.49139,359,35.84,28
15061765,47.399,48,115.682,118,59.941,66,28.013,20,311.009,307,28.558,26,14.882,6,120.468,71,79.795,92,24.952,11,194.598,318,45.916,28,19.923,18,96.053,90,86.157,84,9.259,4,220.30462,41,95.625,94,34.318,42,118.2379,86,59.093,84,32.708,44,183.2372,117,49.977,54
15062111,41.91,38,116.924,132,58.641,53,37.081,20,315.356,307,39.153,26,50.636,58,325.167,322,45.454,43,26.954,33,71.997,349,34.074,62,16.81,26,84.558,94,84.482,84,9.776,7,223.61078,318,88.497,96,35.28,36,99.60341,86,63.44,43,34.928,16,166.0463,359,46.684,28
15061397,43.949,38,115.762,132,60.316,53,24.745,42,307.258,304,29.657,58,51.685,6,319.886,71,46.036,92,16.69,26,163.325,342,35.256,50,8.056,26,69.101,94,90.458,84,5.036,7,168.14483,318,95.091,96,39.191,37,104.33381,74,75.101,74,23.627,44,289.62616,117,33.522,54
15061713,46.477,28,116.409,115,60.545,50,27.881,20,311.653,307,32.787,26,44.536,36,311.283,309,55.771,66,31.91,47,101.4,85,46.475,76,19.581,24,90.59,85,84.375,84,6.543,4,202.83657,41,95.357,94,35.637,22,103.21484,83,60.894,30,38.108,44,147.5928,117,52.073,54
15061584,45.373,48,119.431,118,56.335,66,40.872,57,312.62,327,41.687,45,43.399,58,323.014,322,55.263,43,39.707,39,71.349,21,55.708,48,9.796,6,72.095,71,89.775,92,8.66,4,85.45018,41,94.051,94,36.237,41,97.72249,86,68.032,80,44.559,44,82.00797,117,53.54,54
15061912,42.108,44,118.354,117,56.561,54,49.941,53,325.031,341,41.187,44,49.272,46,297.595,323,43.858,57,27.1,41,191.789,86,56.109,80,21.939,26,99.293,94,86.082,84,8.878,7,365.38502,318,88.394,95,30.75,25,163.97552,28,65.463,45,34.903,44,201.58005,117,49.25,54
15061260,46.477,45,116.409,128,60.545,58,27.527,20,311.653,307,35.571,26,44.536,46,311.283,323,55.771,57,31.234,11,113.896,328,46.475,30,18.354,6,90.59,71,85.024,92,6.543,4,203.46048,41,95.357,94,35.637,35,103.39511,83,60.894,75,38.108,44,145.92877,117,52.073,54
15062099,44.665,44,116.171,117,58.362,54,29.915,40,318.677,308,31.555,38,51.059,57,321.057,327,43.52,45,34.462,22,271.104,344,46.228,27,9.126,26,83.185,94,89.273,84,7.038,4,163.72472,41,96.458,94,31.506,24,108.28897,85,69.491,80,40.845,44,141.32572,117,53.321,54
15061350,44.127,45,118.097,128,58.601,58,40.338,58,317.9,336,40.139,48,47.422,40,321.255,326,48.155,63,36.549,37,49.89,18,43.8,42,20.363,35,69.425,93,85.191,82,8.517,4,82.3666,41,93.596,94,36.054,35,86.95491,83,72.191,75,36.469,44,195.61738,117,46.762,54
15060933,49.158,48,116.649,118,60.173,66,52.428,59,324.191,350,43.346,47,46.307,58,314.252,312,51.154,43,30.408,39,36.253,17,47.278,43,15.816,5,134.092,52,89.231,94,8.515,7,308.58032,318,92.66,96,28.25,32,110.49762,84,75.331,81,45.794,44,157.85516,117,50.743,54
15061548,48.392,44,115.593,117,59.807,54,37.242,57,306.299,327,37.576,45,33.399,55,298.308,329,55.104,36,31.454,29,109.59,7,54.888,30,7.293,26,79.094,94,90.872,84,6.666,7,244.37884,318,94.21,96,31.798,42,139.84874,74,55.332,80,41.762,44,141.30595,117,53.569,54
15061348,43.858,45,117.313,128,57.45,58,24.842,20,306.506,307,30.111,26,48.221,58,320.433,322,44.841,43,26.609,29,73.841,7,34.745,30,15.16,18,84.609,90,85.754,84,5.094,7,179.69164,318,94.7,96,37.606,37,133.1921,41,73.338,84,34.914,44,162.18561,117,47.62,54
15061560,44.561,48,116.629,118,57.846,66,31.359,26,313.36,314,35.792,33,31.177,43,281.11,319,71.531,61,36.726,35,35.017,16,59.876,40,19.818,18,99.193,90,84.82,84,4.308,7,287.08998,318,96.264,96,35.071,32,16.75647,41,64.301,54,49.091,44,92.67813,117,53.805,54
15061544,43.662,28,115.415,115,59.948,50,23.05,26,307.258,314,28.951,33,50.542,36,324.177,324,47.249,66,11.664,19,150.998,5,24.602,27,5.849,3,69.101,32,90.937,92,4.118,4,181.61012,41,96.849,94,38.911,47,118.88876,85,75.315,76,20.714,16,301.78496,359,34.904,28
15061449,42.632,48,117.299,117,57.884,66,26.608,20,318.078,307,30.636,26,50.773,45,318.896,310,48.006,58,26.555,43,170.17,355,45.771,51,17.179,18,78.583,90,85.241,84,4.891,7,169.95678,318,94.837,96,38.536,42,90.70382,96,76.648,80,36.673,44,160.05415,117,46.531,54
15062348,49.705,44,114.668,117,62.061,54,54.126,43,332.344,320,46.608,53,51.845,49,322.551,320,46.602,54,34.388,29,50.004,17,46.912,35,20.108,26,89.101,94,84.28,84,4.902,4,238.08484,41,95.403,94,38.636,47,74.76513,85,69.64,76,40.189,44,135.06511,117,54.485,54
15061916,44.145,32,117.509,112,57.45,58,24.842,20,306.506,307,30.111,26,48.221,39,320.433,321,44.841,36,26.609,19,73.841,5,34.745,27,15.16,18,84.609,90,85.754,84,5.094,7,178.23641,318,95.133,96,37.606,35,133.84996,83,73.338,75,34.914,44,161.51665,117,47.62,54
15062138,45.081,59,115.762,106,60.316,69,25.869,28,307.258,306,30.113,27,50.55,58,319.886,322,46.885,43,16.69,8,180.736,313,35.256,29,11.337,3,73.419,32,89.45,92,5.322,4,189.35285,41,94.912,94,37.688,35,109.53046,83,74.928,75,27.006,16,280.02086,359,36.931,28
15061946,45.126,44,117.499,117,59.202,54,23.567,20,311.883,307,28.673,26,51.179,40,317.6,314,43.256,48,27.912,22,115.837,344,41.627,27,13.9,6,83.231,71,85.887,92,4.094,7,254.62162,318,96.495,96,37.19,36,78.77739,83,71.311,79,27.273,16,221.43087,359,38.418,28
15061676,43.858,45,117.528,128,57.45,58,24.842,26,306.506,314,30.111,33,45.443,42,320.433,316,44.841,41,26.609,32,73.841,14,34.745,38,15.16,18,84.609,90,85.754,84,5.094,7,176.72398,318,94.7,96,37.606,36,132.16957,83,73.338,79,34.914,44,161.64925,117,47.62,54
15060536,46.777,44,114.671,117,59.816,54,35.151,59,318.501,350,32.211,47,50.225,36,319.513,319,50.75,67,42.764,32,171.966,84,72.263,81,14.161,18,110.667,90,89.83,84,12.181,7,230.45476,318,91.444,95,33.985,36,145.04841,96,66.248,29,31.345,44,216.48914,117,42.891,54
15061391,45.783,44,117.748,117,59.689,54,32.157,4,293.506,41,40.197,94,52.874,55,324.173,329,46.14,36,20.487,16,195.342,359,42.095,28,15.918,18,85.301,90,86.675,84,12.376,34,200.55276,316,85.152,33,33.712,41,78.6785,86,69.936,80,27.472,16,263.44391,359,39.306,28
15061662,42.632,38,117.299,115,57.884,50,26.608,26,318.078,314,30.636,33,50.773,42,318.896,312,48.006,49,26.555,16,170.17,359,45.771,28,17.179,3,78.583,32,85.241,92,4.891,4,162.61303,41,94.837,94,38.536,42,89.57757,96,76.648,80,36.673,16,159.049,359,46.531,28
15061228,43.326,45,117.07,128,58.732,58,30.014,20,306.425,307,29.34,26,43.438,58,325.335,312,51.726,43,27.219,11,98.284,328,44.942,30,19.362,18,79.425,90,86.127,84,6.396,7,223.28967,318,93.576,95,35.785,35,72.46263,93,73.271,82,36.356,16,231.29361,359,41.958,28
15061356,40.725,44,119.443,117,56.269,54,35.428,49,321.303,320,34.342,54,48.793,43,323.095,319,52.864,61,32.266,35,149.979,53,55.527,60,11.359,6,69.407,88,89.95,92,6.843,7,209.46562,318,93.466,96,34.273,26,76.65435,342,66.802,50,37.044,44,142.90695,117,51.256,54
15061963,45.783,45,117.748,128,59.689,58,31.45,38,293.506,334,40.197,43,52.874,58,324.173,322,46.14,43,20.487,11,195.342,318,42.095,28,15.918,6,85.301,71,86.675,92,12.376,4,190.85021,41,85.152,94,33.863,41,77.58616,86,69.936,80,27.472,44,263.88355,117,39.306,54
15061338,43.949,48,115.762,118,60.316,66,24.745,20,307.258,307,29.657,26,49.115,49,319.886,320,46.036,54,16.69,8,163.325,313,35.256,29,8.056,6,70.069,71,90.458,92,5.036,7,169.31215,318,95.091,96,39.191,35,105.45583,83,75.101,75,23.627,16,289.05579,359,33.522,28
15062331,40.725,8,119.857,70,56.269,77,35.214,58,321.303,322,34.342,43,48.208,57,323.095,327,52.864,45,32.266,26,154.991,342,55.527,50,10.901,6,69.407,71,89.95,92,6.843,5,240.36956,344,93.466,95,34.273,37,55.60149,74,66.802,74,37.044,44,146.68868,117,51.256,54
15062098,49.705,48,114.668,118,62.061,66,53.02,58,332.344,336,45.209,48,50.662,49,322.551,320,46.602,54,34.388,28,50.004,22,46.912,39,20.108,18,89.101,90,84.28,84,4.902,4,238.57547,41,95.403,94,38.636,47,76.99214,85,69.64,76,39.28,44,145.85037,117,52.819,54
15062114,44.402,50,113.957,115,59.243,71,32.818,39,311.616,308,36.327,54,53.407,58,324.32,322,43.078,43,34.724,47,159.471,85,50.269,76,14.038,18,87.915,90,86.493,84,7.176,7,163.65574,318,96.129,96,28.921,8,149.85051,313,54.532,29,29.259,16,258.27896,359,38.258,28
15062046,42.108,44,118.529,117,56.561,54,49.321,53,325.031,341,43.67,44,49.272,57,297.595,327,43.858,45,27.1,41,191.789,86,56.109,80,21.939,26,98.324,94,86.082,84,8.878,7,368.05919,318,88.394,95,30.75,41,163.42204,6,63.979,49,34.903,44,201.75228,117,49.25,54
15062370,43.63,44,119.937,117,58.332,54,25.688,20,315.343,307,30.159,26,49.796,58,318.284,312,44.219,43,18.065,8,214.204,313,33.834,29,20.376,26,82.396,94,85.177,84,6.38,4,136.54717,41,95.481,94,37.634,35,115.80357,83,76.723,75,30.85,44,232.56546,117,40.593,54
15061685,46.98,50,118.511,115,62.578,71,23.344,28,324.875,306,27.835,27,48.197,49,314.198,320,47.042,54,35.168,32,60.285,14,52.24,38,25.029,26,90.07,94,83.634,84,6.586,7,231.92859,318,93.559,96,34.429,40,107.2018,18,71.004,82,21.069,21,219.97048,132,39.183,49
15061540,47.106,45,116.203,115,61.923,72,29.7,20,313.526,307,32.405,26,53.753,58,321.942,322,47.348,43,38.435,41,73.622,86,65.044,80,19.869,18,77.815,90,85.45,84,6.787,58,287.41278,353,95.868,48,33.687,32,44.24344,25,58.831,42,49.58,44,80.93943,117,55.25,54
15061721,46.333,59,115.876,106,59.795,69,47.578,43,330.251,331,38.461,37,54.966,57,328.411,327,42.231,45,28.026,28,85.689,22,52.729,39,10.689,18,80.947,90,88.737,84,3.443,7,244.0826,318,97.418,96,33.055,41,112.59219,86,62.99,80,27.663,24,261.46872,136,37.084,54
15062074,46.179,44,118.282,117,59.847,54,24.891,20,308.513,307,27.709,26,40.803,31,313.814,304,50.181,70,33.314,41,133.658,86,38.73,80,11.629,3,76.815,32,89.754,92,11.107,4,270.88383,41,89.888,94,35.226,26,159.26774,342,58.988,50,42.708,44,103.65128,117,54.975,54
15062362,44.145,44,117.528,117,57.45,54,24.842,40,306.506,309,31.789,43,48.221,42,320.433,316,44.841,41,26.609,47,73.841,85,34.745,76,15.16,18,84.609,90,85.754,84,5.094,4,177.16361,41,94.7,94,37.606,31,133.14648,10,73.338,38,34.914,44,159.72873,117,47.62,54
15061689,45.783,59,117.748,106,59.689,69,32.157,47,293.506,352,40.197,36,52.874,55,324.173,329,46.14,36,20.487,11,195.342,318,42.095,28,15.918,18,85.301,90,86.675,84,12.376,7,199.91559,318,85.152,96,33.863,36,78.61568,83,69.936,79,27.472,44,261.35359,117,39.306,54
15061357,43.63,44,119.722,117,58.332,54,25.688,20,315.343,307,30.159,26,49.307,58,318.284,322,44.219,43,18.065,8,214.204,313,33.834,29,20.376,18,82.396,90,85.177,84,6.38,4,115.53509,41,95.481,94,37.634,35,108.39167,83,76.723,75,30.85,16,232.68309,359,40.593,28
15061376,49.705,44,114.668,117,62.061,54,53.02,58,332.344,336,45.209,48,51.845,55,322.551,329,46.602,36,34.388,32,50.004,14,46.912,38,20.108,26,89.101,94,84.28,84,4.902,7,217.63304,318,95.403,96,38.636,35,74.34728,83,69.64,75,39.28,44,147.18584,117,52.819,54
15061308,45.783,44,117.748,117,59.689,54,32.157,28,293.506,306,40.197,27,52.874,46,324.173,323,46.14,57,20.487,8,195.342,313,42.095,29,15.918,35,85.301,93,86.675,82,12.376,7,199.40381,318,85.152,95,33.863,47,78.20466,18,69.936,75,27.472,44,263.29456,117,39.306,54
