,BA,BB,BC,BL,BRR,GBLUP,EGBLUP,RKHS,LASSO,RR,SVM,RF
15060021,58.682,58.787,58.297,58.701,57.992,59.184,58.05003,58.481,59.43,59.123,54.683,50.073
15060025,60.36,60.445,60.617,60.435,60.582,60.105,60.5307,60.598,59.43,60.103,60.802,65.253
15060027,59.652,59.754,59.732,59.708,59.518,59.564,59.2057,59.318,59.43,59.567,54.763,54.876
15060039,59.467,59.519,59.495,59.46,59.477,59.316,59.14364,59.024,59.43,59.368,52.016,54.42
15060042,59.737,59.666,60.065,59.767,60.217,59.469,60.11308,59.72,59.43,59.557,65.239,62.825
15060056,60.073,60.058,60.742,60.081,61.002,59.508,61.1719,59.961,59.43,59.558,65.237,63.824
15060063,59.713,59.584,59.806,59.669,59.933,59.523,60.19889,59.754,59.43,59.517,64.333,64.473
15060070,59.17,59.368,58.915,59.15,58.843,59.486,58.90182,59.158,59.43,59.5,54.76,53.909
15060081,59.892,59.951,60.006,59.923,60.098,59.671,59.88099,59.78,59.43,59.717,58.332,59.605
15060085,59.722,59.763,60.227,59.766,60.392,59.843,60.68815,60.282,59.43,59.686,58.763,61.189
15060087,59.159,59.367,58.899,59.142,58.819,59.486,58.88765,59.16,59.43,59.498,54.476,52.852
15060097,57.915,57.973,57.564,57.877,57.614,57.877,58.34855,58.337,59.43,58.076,58.765,59.527
15060102,60.247,60.32,61.069,60.3,61.269,59.886,61.38721,60.75,59.43,59.8,64.616,59.674
15060112,58.924,59.047,58.469,58.937,58.334,59.215,58.30247,58.615,59.43,59.333,54.603,55.663
15060114,57.585,57.733,57.044,57.502,56.871,57.882,56.67232,57.088,59.43,57.902,54.76,55.113
15060120,59.652,59.66,59.872,59.624,60.071,59.492,60.48961,60.155,59.43,59.516,70.239,66.326
15060121,61.702,61.404,63.125,61.792,63.819,60.615,63.67584,62.57,59.43,60.506,66.994,63.563
15060122,58.682,58.789,58.49,58.68,58.461,58.657,58.16554,58.334,59.43,58.748,49.329,49.986
15060138,59.227,59.353,58.344,59.244,57.912,59.508,57.86081,58.565,59.43,59.539,44.765,49.769
15060160,58.466,58.401,58.27,58.53,58.454,58.361,58.17453,58.325,59.43,58.466,58.597,59.41
15060187,57.907,57.957,56.821,57.904,56.43,58.624,56.06521,57.613,59.43,58.735,54.765,55.171
15060188,59.15,59.401,58.999,59.116,58.805,59.386,58.72197,59.234,59.43,59.442,57.892,58.642
15060190,60.585,60.501,61.232,60.643,61.388,60.169,61.36384,60.766,59.43,60.121,62.543,64.554
15060191,61.654,61.683,62.94,61.712,63.268,60.856,63.20707,62.17,59.43,60.756,68.238,67.341
15060214,59.537,59.498,59.356,59.529,59.525,59.561,58.69466,58.841,59.43,59.489,54.764,56.71
15060313,56.478,56.398,54.508,56.316,53.928,57.429,52.44736,55.199,59.43,57.335,49.342,50.311
15060320,60.723,60.582,61.839,60.821,62.243,60.007,62.2915,61.346,59.43,59.982,66.762,65.456
15060345,61.109,60.989,61.828,61.186,61.946,60.607,62.01121,61.846,59.43,60.444,65.908,67.756
15060383,56.485,56.405,54.521,56.321,53.931,57.437,52.44488,55.205,59.43,57.34,52.24,51.412
15060420,61.143,61.029,61.863,61.214,62.004,60.625,62.04741,61.855,59.43,60.455,63.818,58.292
15060543,60.254,59.951,60.978,60.271,61.37,59.51,61.90934,60.718,59.43,59.667,62.66,60.49
15060570,58.271,57.921,57.525,58.154,56.903,58.952,56.86796,57.983,59.43,58.877,54.763,55.72
15060797,58.789,58.479,58.064,58.521,57.615,58.947,57.43991,58.275,59.43,59.068,54.76,56.41
15060846,58.721,58.797,58.604,58.734,58.596,58.696,58.46177,58.47,59.43,58.776,55.338,56.813
15060907,58.242,58.02,57.39,58.137,56.974,58.587,56.46271,57.999,59.43,58.608,54.763,56.726
15060910,57.053,57.195,55.432,56.954,54.891,57.816,53.84458,55.791,59.43,57.781,46.794,48.785
15060933,60.254,59.952,61,60.28,61.401,59.508,61.93652,60.764,59.43,59.675,65.238,63.393
15060964,58.621,58.337,57.75,58.541,57.286,59.017,57.05396,57.999,59.43,59.056,53.764,54.454
15061007,58.618,58.332,57.724,58.543,57.285,59.027,57.01544,57.985,59.43,59.062,53.926,54.742
15061011,60.316,60.439,60.53,60.381,60.439,60.084,60.40988,60.529,59.43,60.082,54.761,54.968
15061122,58.709,58.791,58.535,58.7,58.516,58.701,58.32636,58.416,59.43,58.778,54.762,55.314
15061204,58.6,58.48,58.006,58.579,57.844,58.948,57.13524,58.224,59.43,58.953,54.766,56.95
15061213,59.431,59.503,59.433,59.422,59.4,59.281,59.1269,59.016,59.43,59.351,58.571,61.031
15061215,59.47,59.6,59.566,59.471,59.543,59.279,59.23396,59.021,59.43,59.363,55.226,57.388
15061216,59.603,59.347,59.624,59.492,60.011,59.362,60.68067,59.752,59.43,59.323,65.238,63.938
15061225,57.662,57.786,57.242,57.61,57.208,57.898,56.98219,57.231,59.43,57.93,63.773,61.863
15061226,59.098,58.781,58.879,58.991,58.861,59.208,58.6928,58.738,59.43,59.183,58.323,58.946
15061228,59.322,59.311,59.099,59.217,58.953,59.161,58.53012,58.8,59.43,59.298,57.239,57.522
15061237,60.315,60.058,61.112,60.343,61.538,59.52,62.07034,60.784,59.43,59.683,68.476,69.46
15061256,59.318,59.095,58.958,59.252,58.675,59.382,58.67366,59.031,59.43,59.422,54.765,55.873
15061257,59.743,59.355,60.211,59.821,60.519,59.429,61.04665,60.064,59.43,59.494,65.238,63.032
15061259,59.17,59.367,58.926,59.149,58.844,59.496,58.91261,59.165,59.43,59.498,55.48,51.83
15061260,60.35,60.451,60.585,60.418,60.537,60.094,60.51395,60.572,59.43,60.097,58.762,60.421
15061262,59.219,59.445,59.049,59.21,58.9,59.502,59.07707,59.563,59.43,59.565,58.27,58.186
15061263,59.274,59.4,59.147,59.335,59.002,59.657,59.0694,59.262,59.43,59.606,58.762,59.835
15061264,58.93,59.123,58.713,58.89,58.573,59.216,58.72507,59.197,59.43,59.331,54.767,56.096
15061265,60.62,60.611,61.371,60.696,61.617,60.1,61.62925,60.877,59.43,60.007,65.24,63.476
15061270,60.741,60.784,61.447,60.887,61.593,60.383,61.71898,61.426,59.43,60.237,64.79,61.089
15061273,60.617,60.615,61.362,60.699,61.604,60.087,61.62509,60.858,59.43,60.003,64.36,60.192
15061274,58.976,59.267,58.284,58.93,58.12,59.235,57.46137,58.307,59.43,59.285,44.765,50.674
15061277,58.518,58.539,57.996,58.513,57.845,59.074,57.74245,58.314,59.43,58.893,57.237,58.432
15061282,57.593,57.767,57.102,57.522,56.937,57.896,56.76419,57.109,59.43,57.918,57.235,57.764
15061283,58.942,59.052,58.496,58.953,58.39,59.23,58.33865,58.628,59.43,59.337,56.898,61.921
15061286,59.761,59.827,59.452,59.712,59.542,59.841,59.25252,59.621,59.43,59.706,54.762,56.443
15061288,59.431,59.524,59.457,59.407,59.407,59.306,59.23089,59.131,59.43,59.369,63.692,62.783
15061289,59.453,59.575,59.535,59.45,59.44,59.318,59.11524,59.076,59.43,59.371,57.544,61.416
15061290,60.328,60.279,61.345,60.397,61.843,59.793,63.79477,60.854,59.43,59.725,71.241,67.136
15061291,59.166,59.176,58.748,59.172,58.664,59.587,59.10255,59.387,59.43,59.5,57.876,58.726
15061293,59.707,59.859,60.148,59.743,60.304,59.471,60.50277,60.003,59.43,59.585,65.235,64.032
15061295,59.856,59.879,60.356,60.011,60.647,59.617,60.65397,59.936,59.43,59.595,63.891,65.031
15061296,60.371,60.393,61.236,60.554,61.632,60.048,61.68956,60.963,59.43,59.963,65.237,65.111
15061298,60.004,60.225,60.493,59.965,60.71,59.723,60.75854,60.193,59.43,59.699,65.238,64.339
15061299,57.633,57.797,57.175,57.574,57.023,57.932,56.8266,57.133,59.43,57.946,54.76,54.788
15061303,59.125,59.152,59.005,59.101,59.072,59.001,59.10128,58.942,59.43,59.089,57.643,62.013
15061307,59.358,59.338,59.168,59.25,59.069,59.172,58.60546,58.848,59.43,59.31,54.817,56.481
15061312,59.176,59.161,58.781,59.194,58.702,59.573,59.12395,59.393,59.43,59.503,59.386,62.598
15061313,61.691,61.704,62.997,61.748,63.352,60.883,63.25556,62.19,59.43,60.772,68.239,67.588
15061314,59.157,59.361,58.831,59.177,58.76,59.502,59.39117,59.58,59.43,59.496,65.924,68.236
15061317,59.223,59.448,59.087,59.222,58.925,59.506,59.16469,59.583,59.43,59.563,59.326,62.768
15061318,59.203,59.218,58.808,59.133,58.687,59.371,58.8392,59.125,59.43,59.433,54.764,56.624
15061319,60.389,60.475,60.673,60.465,60.64,60.096,60.61213,60.603,59.43,60.111,58.545,64.777
15061320,59.007,59.032,59.544,59.124,59.745,59.006,61.80352,59.845,59.43,58.817,58.776,62.259
15061323,57.621,57.807,57.101,57.551,56.919,57.95,56.68026,57.103,59.43,57.954,54.011,55.473
15061324,58.678,58.486,58.338,58.791,58.466,58.78,57.27369,58.045,59.43,58.675,54.762,56.159
15061329,58.954,58.845,58.058,58.901,57.732,59.588,57.49584,58.242,59.43,59.437,53.728,53.969
15061334,60.089,59.917,60.482,60.093,60.655,59.763,60.30055,60.039,59.43,59.797,65.238,63.685
15061335,59.853,59.75,60.006,59.832,60.055,59.627,60.14758,59.777,59.43,59.708,61.193,61.596
15061337,58.909,59.036,58.448,58.923,58.309,59.212,58.30399,58.61,59.43,59.33,54.761,55.037
15061338,59.176,59.369,58.946,59.15,58.877,59.494,58.98859,59.204,59.43,59.497,57.362,62.308
15061340,59.182,59.375,58.943,59.159,58.867,59.505,58.93572,59.189,59.43,59.508,54.762,55.797
15061344,58.824,58.581,58.627,58.762,58.844,58.788,59.46916,59.003,59.43,58.833,59.895,64.17
15061345,61.13,61.003,61.834,61.203,61.988,60.637,62.09014,61.854,59.43,60.454,66.398,67.073
15061346,61.098,60.991,61.775,61.172,61.917,60.597,62.00003,61.817,59.43,60.439,64.657,59.898
15061347,58.877,58.836,58.588,58.831,58.458,59.123,58.34458,58.596,59.43,59.18,54.76,56.867
15061348,58.934,59.063,58.487,58.942,58.37,59.215,58.28482,58.607,59.43,59.334,56.381,57.018
15061349,59.96,59.874,59.964,59.912,59.829,59.956,59.93557,60.282,59.43,59.879,58.763,59.338
15061350,59.161,59.129,58.754,59.173,58.668,59.572,59.07585,59.368,59.43,59.495,58.762,59.537
15061352,59.387,59.5,59.214,59.409,59.231,59.533,59.16614,59.31,59.43,59.506,59.351,63.502
15061353,58.918,59.047,58.462,58.929,58.331,59.215,58.30272,58.606,59.43,59.331,54.764,55.7
15061355,58.894,59.037,58.411,58.905,58.262,59.217,58.22183,58.582,59.43,59.327,54.511,54.226
15061356,58.711,58.778,58.528,58.713,58.526,58.676,58.46135,58.453,59.43,58.773,55.207,56.083
15061357,58.958,58.777,58.044,58.885,57.717,59.593,57.48207,58.257,59.43,59.44,53.85,53.935
15061358,60.365,60.448,60.611,60.426,60.571,60.1,60.55782,60.609,59.43,60.101,58.378,57.171
15061360,58.917,59.043,58.461,58.919,58.308,59.217,58.26489,58.602,59.43,59.332,54.599,54.235
15061364,58.946,59.057,58.509,58.957,58.394,59.222,58.36672,58.642,59.43,59.344,55.498,66.614
15061365,59.465,59.533,59.499,59.447,59.438,59.319,59.17087,59.041,59.43,59.37,54.76,55.619
15061367,59.462,59.524,59.486,59.444,59.468,59.304,59.18059,59.034,59.43,59.365,54.76,55.636
15061369,61.684,61.412,63.14,61.774,63.801,60.606,63.72079,62.572,59.43,60.504,66.997,66.68
15061376,61.124,61.005,61.825,61.198,61.965,60.619,62.05317,61.848,59.43,60.451,64.932,59.786
15061378,59.86,59.764,60.024,59.842,60.081,59.631,60.16941,59.794,59.43,59.712,59.685,58.486
15061380,58.87,58.815,58.566,58.836,58.441,59.098,58.32471,58.593,59.43,59.179,54.764,54.639
15061382,57.595,57.769,57.085,57.533,56.912,57.901,56.58447,57.057,59.43,57.928,50.76,52.07
15061383,58.93,59.048,58.474,58.94,58.341,59.215,58.31984,58.615,59.43,59.335,54.427,53.117
15061384,59.181,59.376,58.951,59.16,58.866,59.504,58.91963,59.181,59.43,59.507,54.716,54.918
15061388,59.458,59.486,59.287,59.503,59.327,59.598,59.53508,59.585,59.43,59.589,58.762,59.353
15061390,59.434,59.52,59.298,59.47,59.348,59.556,59.2284,59.353,59.43,59.53,57.309,57.88
15061391,59.378,59.493,59.196,59.404,59.22,59.528,59.15988,59.305,59.43,59.507,57.04,56.998
15061392,59.211,58.976,58.466,59.036,58.305,59.229,58.14624,58.765,59.43,59.289,54.762,55.904
15061394,59.252,59.459,59.121,59.24,58.988,59.518,59.23302,59.602,59.43,59.582,61.069,62.05
15061396,59.234,59.457,59.094,59.229,58.945,59.517,59.17471,59.584,59.43,59.58,58.893,60.692
15061404,59.419,59.514,59.264,59.446,59.311,59.534,59.24693,59.326,59.43,59.517,58.6,63.212
15061406,58.918,59.045,58.457,58.926,58.321,59.217,58.25034,58.599,59.43,59.333,54.706,54.964
15061410,59.738,59.632,60.17,59.784,60.371,59.198,60.80938,59.936,59.43,59.329,57.83,58.259
15061411,60.205,60.276,60.903,60.271,61.236,59.65,61.55735,60.895,59.43,59.795,64.497,56.874
15061414,59.389,59.498,59.223,59.417,59.253,59.535,59.18847,59.317,59.43,59.512,57.469,62.376
15061415,58.763,58.767,58.182,58.752,58.086,59.246,57.78159,58.348,59.43,59.222,53.763,54.14
15061417,59.388,59.492,59.208,59.418,59.242,59.524,59.18053,59.288,59.43,59.508,56.892,59.201
15061418,59.391,59.503,59.237,59.422,59.254,59.539,59.16572,59.321,59.43,59.518,56.298,60.507
15061419,59.174,59.375,58.946,59.156,58.859,59.504,58.92604,59.182,59.43,59.505,54.759,54.923
15061420,59.007,59.032,59.544,59.124,59.745,59.006,61.70446,59.845,59.43,58.817,58.776,62.259
15061421,60.358,60.45,60.617,60.453,60.615,60.089,60.61006,60.587,59.43,60.097,65.237,64.982
15061422,58.744,58.842,58.526,58.747,58.344,59.209,58.52161,58.721,59.43,59.18,54.763,56.764
15061424,58.585,58.678,58.144,58.624,57.928,59.004,57.91715,58.457,59.43,59.12,54.761,55.872
15061425,61.08,60.998,61.764,61.153,61.881,60.597,61.94725,61.791,59.43,60.438,61.23,56.603
15061428,61.117,60.995,61.82,61.189,61.948,60.599,61.99269,61.831,59.43,60.446,65.238,64.681
15061430,61.102,60.985,61.781,61.173,61.908,60.602,61.97173,61.826,59.43,60.444,64.346,58.927
15061435,59.971,59.968,60.177,60.001,60.227,59.767,60.29584,60.091,59.43,59.737,60.095,58.802
15061436,58.054,57.906,57.241,58.059,57.134,58.544,56.3093,57.074,59.43,58.45,50.766,52.285
15061437,60.146,60.054,61.062,60.181,61.424,59.656,62.13485,61.17,59.43,59.754,69.656,66.736
15061439,60.132,60.061,61.034,60.173,61.396,59.65,62.08604,61.113,59.43,59.741,66.213,60.479
15061441,60.624,60.648,61.621,60.681,61.906,59.924,61.92283,61.2,59.43,59.948,66.762,63.21
15061442,60.185,60.267,60.857,60.254,61.184,59.626,61.54932,60.898,59.43,59.784,66.439,66.018
15061444,60.207,60.21,60.889,60.264,61.003,59.756,60.64126,60.373,59.43,59.773,61.238,61.101
15061445,60.628,60.651,61.623,60.685,61.892,59.929,61.91924,61.201,59.43,59.95,66.718,61.077
15061447,58.787,58.836,58.678,58.864,58.5,59.193,58.40327,58.65,59.43,59.192,53.759,55.426
15061449,59.301,59.321,59.673,59.329,59.71,59.371,59.89743,59.499,59.43,59.317,58.473,65.079
15061454,59.282,59.286,59.61,59.303,59.64,59.366,59.8188,59.434,59.43,59.322,54.762,56.581
15061458,61.116,60.994,61.811,61.186,61.955,60.623,62.05188,61.853,59.43,60.448,65.817,65.645
15061459,59.369,59.478,59.196,59.4,59.204,59.525,59.12107,59.292,59.43,59.503,56.571,54.35
15061461,61.097,60.974,61.783,61.166,61.908,60.619,61.98943,61.842,59.43,60.444,65.755,66.65
15061463,59.136,59.266,59.06,59.192,58.918,59.385,58.89554,59.029,59.43,59.395,54.76,56.832
15061469,58.866,58.611,58.71,58.805,58.932,58.802,59.50495,59.02,59.43,58.844,57.236,58.496
15061470,58.7,58.768,58.541,58.697,58.513,58.67,58.41053,58.452,59.43,58.761,61.258,61.42
15061471,58.688,58.756,58.512,58.687,58.474,58.688,58.35659,58.423,59.43,58.773,54.177,55.19
15061475,60.349,60.435,60.585,60.419,60.555,60.114,60.56043,60.62,59.43,60.101,63.983,66.492
15061476,59.879,59.926,60.304,59.912,60.447,59.706,60.6195,60.326,59.43,59.703,61.995,65.138
15061478,59.149,59.343,58.891,59.125,58.774,59.504,58.88242,59.16,59.43,59.494,54.759,55.734
15061479,58.66,58.803,58.451,58.704,58.342,59.182,58.47786,58.672,59.43,59.152,65.238,62.724
15061480,60.615,60.641,61.606,60.669,61.873,59.925,61.94385,61.188,59.43,59.944,66.214,61.004
15061481,61.679,61.694,62.972,61.738,63.309,60.873,63.23728,62.174,59.43,60.766,67.51,60.988
15061484,60.738,60.787,61.444,60.878,61.59,60.383,61.68649,61.434,59.43,60.234,65.628,66.949
15061485,58.022,57.888,57.197,58.044,57.112,58.535,56.46689,57.15,59.43,58.468,60.458,60.313
15061486,59.839,59.573,59.951,59.934,59.935,59.585,59.97736,59.698,59.43,59.664,56.48,58.52
15061489,59.405,59.527,59.259,59.427,59.282,59.529,59.18587,59.333,59.43,59.517,59.004,62.704
15061490,59.365,59.486,59.179,59.4,59.201,59.524,59.17267,59.285,59.43,59.503,56.627,59.774
15061491,59.368,59.476,59.195,59.396,59.204,59.539,59.14058,59.32,59.43,59.507,57.123,63.461
15061492,59.365,59.486,59.184,59.4,59.193,59.525,59.15482,59.281,59.43,59.504,55.309,55.251
15061493,58.898,58.832,58.618,58.859,58.49,59.116,58.34947,58.623,59.43,59.189,54.764,55.079
15061494,59.066,58.998,58.614,59.043,58.228,59.465,58.1157,58.689,59.43,59.366,54.763,56.447
15061495,58.915,58.859,58.662,58.869,58.555,59.15,58.44829,58.667,59.43,59.195,56.77,63.167
15061496,58.884,58.831,58.603,58.847,58.479,59.112,58.33618,58.617,59.43,59.182,54.903,56.709
15061499,61.676,61.684,62.973,61.736,63.319,60.869,63.26995,62.178,59.43,60.763,68.239,67.08
15061500,57.993,57.855,57.137,57.994,57.006,58.541,56.28721,57.034,59.43,58.437,50.764,52.425
15061501,60.274,59.753,60.904,60.278,61.311,59.723,61.52482,60.549,59.43,59.698,64.591,58.187
15061503,58.811,58.935,58.633,58.778,58.506,59.247,58.58261,58.783,59.43,59.201,65.235,63.305
15061504,57.605,57.761,57.134,57.534,56.973,57.913,56.80039,57.147,59.43,57.926,54.76,55.68
15061505,59.787,59.842,59.501,59.734,59.597,59.865,59.37386,59.691,59.43,59.718,56.569,60.85
15061507,60.172,60.263,60.815,60.231,61.119,59.629,61.53043,60.878,59.43,59.78,67.629,67.07
15061508,60.174,60.273,60.825,60.237,61.135,59.62,61.54184,60.863,59.43,59.781,66.197,65.465
15061509,60.227,60.301,61.024,60.267,61.199,59.881,61.34482,60.723,59.43,59.791,65.78,64.844
15061511,60.234,60.304,61.01,60.27,61.179,59.88,61.32772,60.723,59.43,59.795,64.265,57.351
15061515,59.218,59.444,59.068,59.208,58.905,59.497,59.12099,59.571,59.43,59.569,57.238,58.352
15061516,60.301,59.794,60.952,60.301,61.379,59.758,61.5565,60.576,59.43,59.71,65.239,63.189
15061517,58.93,59.067,58.495,58.932,58.36,59.225,58.28028,58.623,59.43,59.338,54.761,57.315
15061518,58.872,58.936,58.741,58.906,58.756,59.26,58.75859,58.8,59.43,59.214,65.237,62.421
15061521,59.692,59.536,59.96,59.694,60.084,59.432,60.08233,59.686,59.43,59.531,65.238,64.191
15061522,59.796,59.635,60.03,59.821,60.105,59.635,60.55826,60.106,59.43,59.626,65.239,63.71
15061524,59.036,58.959,58.543,59.007,58.119,59.435,58.06715,58.656,59.43,59.35,56.058,58.217
15061525,60.199,60.27,60.874,60.261,61.227,59.632,61.58497,60.887,59.43,59.788,67.357,68.42
15061526,58.56,58.592,58.079,58.583,57.906,58.97,57.86438,58.51,59.43,59.094,54.761,55.676
15061528,58.883,58.765,58.625,58.873,58.554,59.119,58.49627,58.623,59.43,59.182,65.012,63.16
15061529,60.234,60.303,61.028,60.277,61.203,59.881,61.34172,60.748,59.43,59.794,65.399,64.579
15061530,60.151,60.249,60.79,60.208,61.085,59.626,61.49222,60.889,59.43,59.776,66.761,65.472
15061533,60.198,60.237,60.858,60.279,61.201,59.627,61.54792,60.803,59.43,59.782,58.073,57.084
15061534,58.702,58.8,58.306,58.72,58.005,59.204,58.13764,58.515,59.43,59.133,57.459,53.764
15061535,58.854,58.764,58.571,58.824,58.403,59.108,58.2218,58.543,59.43,59.169,54.765,54.853
15061536,60.202,60.258,60.925,60.294,61.258,59.636,61.63897,60.84,59.43,59.769,68.235,66.588
15061540,61.611,61.632,62.825,61.658,63.149,60.825,63.13389,62.108,59.43,60.732,69.87,67.54
15061542,61.594,61.617,62.808,61.655,63.127,60.793,63.0033,62.068,59.43,60.721,64.568,56.834
15061543,59.441,59.552,59.534,59.442,59.429,59.311,59.24896,59.071,59.43,59.352,65.235,63.116
15061544,59.157,59.098,58.805,59.06,58.712,59.446,58.5637,58.877,59.43,59.442,50.761,53.452
15061546,59.114,59.171,58.848,59.055,58.668,59.46,58.66423,58.991,59.43,59.466,53.657,55.122
15061548,59.904,59.915,59.659,59.872,59.489,59.815,59.28269,59.489,59.43,59.813,54.762,56.632
15061549,58.907,59.099,58.057,58.937,57.531,59.444,57.54982,58.386,59.43,59.482,53.761,54.24
15061550,58.55,58.621,58.094,58.588,57.85,58.971,57.88222,58.388,59.43,59.092,54.762,55.566
15061553,59.211,59.162,58.749,59.154,58.512,59.374,58.36707,58.877,59.43,59.406,54.766,57.107
15061555,60.343,60.356,60.516,60.371,60.472,60.076,60.39678,60.401,59.43,60.08,54.764,58.194
15061556,58.011,57.851,57.166,58,57.082,58.494,56.21633,57.048,59.43,58.409,53.237,54.992
15061560,59.441,59.439,59.37,59.449,59.141,59.461,59.36612,59.375,59.43,59.51,65.241,62.607
15061561,58.419,58.923,57.333,58.316,56.69,59.261,56.84807,58.31,59.43,59.223,54.764,56.272
15061564,58.736,58.761,58.49,58.759,58.415,59.239,58.5457,58.649,59.43,59.164,53.76,56.209
15061565,56.381,56.335,54.326,56.223,53.704,57.366,52.22964,55.131,59.43,57.301,45.943,48.036
15061566,59.165,59.368,58.912,59.148,58.83,59.486,58.89653,59.162,59.43,59.497,54.64,53.597
15061568,59.372,59.267,58.854,59.363,58.551,59.589,58.69167,59.318,59.43,59.57,54.762,56.168
15061571,61.151,61.151,62.521,61.296,63.056,60.279,62.92035,61.46,59.43,60.261,68.235,67.314
15061575,60.745,60.797,61.456,60.892,61.627,60.39,61.73437,61.433,59.43,60.24,65.237,64.868
15061576,58.667,58.746,58.47,58.665,58.431,58.662,58.26862,58.402,59.43,58.745,54.76,54.839
15061577,58.949,58.806,58.061,58.888,57.724,59.597,57.47264,58.262,59.43,59.44,53.684,54.012
15061578,58.921,58.707,57.979,58.864,57.663,59.569,57.45982,58.232,59.43,59.43,53.779,54
15061579,60.598,60.637,61.56,60.636,61.828,59.909,61.8724,61.176,59.43,59.936,71.238,68.357
15061580,58.953,59.084,58.514,58.963,58.425,59.212,58.36814,58.632,59.43,59.338,57.58,62.176
15061583,57.58,57.745,57.074,57.506,56.897,57.896,56.78065,57.123,59.43,57.913,54.76,55.165
15061584,59.331,59.368,60.014,59.336,60.068,58.989,61.32706,59.71,59.43,59.184,65.24,62.8
15061585,58.678,58.768,58.526,58.673,58.494,58.667,58.32835,58.459,59.43,58.751,54.764,56.005
15061586,58.689,58.759,58.531,58.691,58.493,58.678,58.42245,58.442,59.43,58.762,57.776,60.772
15061588,58.045,57.895,57.232,58.05,57.139,58.535,56.39222,57.065,59.43,58.452,53.235,53.971
15061600,58.789,58.951,58.619,58.78,58.353,59.244,58.4742,58.69,59.43,59.213,54.76,55.652
15061602,59.256,59.255,59.008,59.225,58.669,59.466,58.80284,59.159,59.43,59.468,53.763,56.149
15061603,59.162,59.368,58.915,59.149,58.834,59.487,58.87547,59.167,59.43,59.497,55.491,60.629
15061604,58.345,58.379,57.823,58.373,57.961,58.831,58.51077,58.544,59.43,58.687,58.761,58.972
15061605,58.882,58.863,59.247,58.864,59.486,58.696,60.93179,58.974,59.43,58.571,65.241,62.85
15061608,58.683,58.751,58.509,58.693,58.465,58.666,58.28645,58.43,59.43,58.756,54.371,54.753
15061609,59.184,59.37,58.946,59.155,58.863,59.506,58.9714,59.184,59.43,59.505,54.759,55.885
15061610,58.904,59.033,58.43,58.912,58.296,59.215,58.25917,58.596,59.43,59.326,54.947,60.051
15061612,59.74,59.985,59.749,59.769,59.803,59.715,59.46939,59.611,59.43,59.653,54.763,56.74
15061613,57.598,57.753,57.111,57.52,56.963,57.885,56.77755,57.108,59.43,57.914,57.235,57.672
15061619,59.366,59.49,59.175,59.394,59.185,59.525,59.12288,59.294,59.43,59.505,56.403,55.825
15061621,60.327,59.783,61.013,60.33,61.442,59.749,61.58632,60.591,59.43,59.717,67.844,64.658
15061622,60.086,60.085,60.152,60.06,60.113,59.92,59.98711,60.353,59.43,59.92,54.762,56.52
15061623,60.37,60.448,60.617,60.435,60.579,60.1,60.58377,60.613,59.43,60.102,59.2,61.179
15061624,59.175,59.377,58.943,59.137,58.82,59.527,58.92787,59.203,59.43,59.516,55.505,58.976
15061628,60.238,60.307,61.023,60.281,61.219,59.876,61.36716,60.729,59.43,59.793,65.912,65.115
15061631,58.715,58.822,58.364,58.741,58.065,59.206,58.18755,58.554,59.43,59.133,60.715,60.579
15061632,57.589,57.744,57.087,57.521,56.933,57.91,56.69644,57.109,59.43,57.917,54.76,54.44
15061637,60.362,60.454,60.611,60.426,60.544,60.112,60.52025,60.604,59.43,60.101,58.295,61.914
15061638,60.369,60.466,60.631,60.432,60.573,60.1,60.53689,60.619,59.43,60.104,58.069,57.628
15061639,58.041,58.14,57.52,58.017,57.689,58.217,57.6305,57.761,59.43,58.147,54.763,56.545
15061640,59.844,59.732,59.976,59.909,60.036,59.862,59.90211,60.193,59.43,59.83,54.762,58.928
15061642,60.388,60.474,60.655,60.457,60.613,60.113,60.61392,60.584,59.43,60.112,57.736,59.229
15061645,59.863,59.718,60.04,59.941,60.109,59.895,59.99849,60.214,59.43,59.836,61.444,64.154
15061646,59.216,59.445,59.07,59.211,58.927,59.507,59.12878,59.555,59.43,59.567,58.144,57.595
15061647,60.349,60.436,60.569,60.408,60.52,60.106,60.53468,60.585,59.43,60.099,58.222,57.623
15061648,59.168,59.363,58.87,59.183,58.8,59.519,59.3899,59.601,59.43,59.503,65.239,63.85
15061649,58.355,58.412,58.009,58.404,57.655,58.504,57.68694,58.222,59.43,58.544,58.398,58.424
15061650,59.569,59.667,60.358,59.57,60.85,59.235,62.24993,59.827,59.43,59.279,65.238,63.776
15061651,60.193,60.277,60.866,60.256,61.21,59.628,61.55303,60.887,59.43,59.788,67.113,67.008
15061653,61.129,61.055,61.865,61.192,61.971,60.623,62.04971,61.854,59.43,60.45,65.157,58.592
15061654,57.622,57.788,57.122,57.548,56.959,57.927,56.69355,57.077,59.43,57.951,53.235,54.097
15061655,59.226,59.146,59.845,59.287,60.322,59.043,61.96489,59.752,59.43,59.136,65.239,63.833
15061658,57.672,57.814,57.24,57.62,57.088,57.956,56.77601,57.149,59.43,57.964,54.762,54.988
15061659,58.658,58.75,58.451,58.645,58.362,58.68,58.25866,58.377,59.43,58.759,54.76,54.496
15061661,57.627,57.763,57.165,57.567,57.021,57.908,56.7124,57.118,59.43,57.93,53.76,53.895
15061662,59.293,59.291,59.608,59.312,59.658,59.374,59.85801,59.476,59.43,59.319,54.762,58.596
15061665,59.787,59.658,60.261,59.832,60.52,59.225,60.96184,59.896,59.43,59.359,55.112,58.37
15061668,59.791,59.665,60.278,59.842,60.528,59.216,61.06519,59.981,59.43,59.34,66.317,64.911
15061670,57.984,58.106,57.422,57.977,57.579,58.197,57.55048,57.724,59.43,58.119,53.763,56.388
15061671,59.168,59.363,58.849,59.179,58.78,59.513,59.36368,59.589,59.43,59.5,64.569,60.939
15061673,58.779,58.362,58.434,58.69,58.265,58.846,57.37792,58.144,59.43,58.818,50.764,53.008
15061677,59.399,59.512,59.255,59.432,59.279,59.543,59.22272,59.332,59.43,59.522,55.894,57.089
15061678,59.393,59.504,59.22,59.415,59.265,59.528,59.19563,59.322,59.43,59.51,57.684,64.525
15061679,60.032,60.086,60.297,60.056,60.376,59.8,60.40606,60.158,59.43,59.759,62.145,68.297
15061680,57.957,58.108,57.403,57.949,57.515,58.189,57.50023,57.734,59.43,58.11,57.723,60.786
15061682,60.36,60.44,60.6,60.426,60.563,60.097,60.5358,60.619,59.43,60.102,61.091,63.9
15061683,58.949,59.092,58.563,58.961,58.443,59.273,58.38889,58.713,59.43,59.353,58.657,64.084
15061684,57.666,57.809,56.65,57.723,56.034,58.209,55.06563,57.238,59.43,58.155,50.766,53.826
15061686,58.924,59.047,58.469,58.937,58.334,59.215,58.29371,58.615,59.43,59.333,54.603,55.663
15061687,59.138,59.125,58.492,59.168,58.253,59.511,58.53157,59.044,59.43,59.558,54.763,55.843
15061688,58.919,59.042,58.449,58.927,58.314,59.208,58.26448,58.585,59.43,59.33,54.382,54.008
15061689,59.37,59.488,59.189,59.401,59.205,59.524,59.13631,59.283,59.43,59.504,57.323,64.453
15061704,60.359,60.444,60.608,60.422,60.569,60.121,60.55746,60.607,59.43,60.108,59.377,66.181
15061706,58.305,58.555,58.026,58.249,57.661,58.514,56.54552,57.703,59.43,58.476,54.762,55.911
15061709,60.763,60.597,61.918,60.862,62.345,60.02,62.43765,61.377,59.43,59.993,68.235,67.058
15061712,59.31,59.313,59.669,59.332,59.696,59.366,59.89443,59.489,59.43,59.317,56.047,59.485
15061713,60.36,60.449,60.598,60.424,60.56,60.104,60.56367,60.59,59.43,60.102,58.078,56.208
15061714,58.765,58.773,58.203,58.767,58.104,59.245,57.74322,58.342,59.43,59.224,54.35,54.547
15061717,60.594,60.487,61.232,60.648,61.382,60.176,61.33731,60.746,59.43,60.121,59.376,59.13
15061718,59.304,59.29,59.646,59.32,59.663,59.367,59.91384,59.506,59.43,59.319,57.335,64.543
15061720,58.71,58.8,58.185,58.702,58.036,59.268,57.74503,58.263,59.43,59.22,57.237,58.33
15061723,60.294,59.737,60.921,60.285,61.345,59.722,61.51154,60.571,59.43,59.707,65.848,63.406
15061724,59.323,59.146,59.473,59.382,59.574,59.214,59.64272,59.501,59.43,59.359,68.238,63.766
15061725,58.753,58.776,58.177,58.746,58.066,59.248,57.79129,58.347,59.43,59.224,54.226,54.455
15061726,57.022,57.175,55.389,56.928,54.823,57.834,53.878,55.8,59.43,57.787,53.238,52.08
15061729,58.575,58.69,58.134,58.629,57.909,58.989,57.94836,58.474,59.43,59.116,54.762,54.728
15061730,58.571,58.658,58.131,58.613,57.91,58.979,57.9418,58.414,59.43,59.106,54.67,53.913
15061733,59.336,59.473,59.157,59.369,59.178,59.529,59.06885,59.277,59.43,59.499,55.659,54.721
15061734,59.383,59.492,59.211,59.416,59.235,59.539,59.17213,59.312,59.43,59.514,56.079,57.044
15061735,58.763,58.77,58.206,58.767,58.092,59.229,57.81125,58.35,59.43,59.222,55.405,61.968
15061736,58.587,58.67,58.157,58.628,57.936,58.987,57.95386,58.43,59.43,59.113,55.677,57.327
15061737,58.519,58.633,58.032,58.579,57.803,58.946,57.90485,58.386,59.43,59.094,54.762,54.999
15061738,59.374,59.49,59.202,59.415,59.202,59.525,59.16699,59.285,59.43,59.508,54.76,54.59
15061740,59.75,59.878,60.064,59.718,60.076,59.519,60.13608,59.827,59.43,59.59,58.764,61.322
15061742,61.602,61.648,62.864,61.643,63.178,60.812,63.09459,62.091,59.43,60.718,63.766,63.788
15061744,59.501,59.275,60.037,59.457,60.494,58.867,62.14623,59.893,59.43,59.071,68.239,65.204
15061747,59.238,59.453,59.095,59.228,58.943,59.517,59.15808,59.577,59.43,59.575,56.986,57.561
15061751,58.691,58.787,58.525,58.693,58.468,58.691,58.38508,58.405,59.43,58.771,53.419,53.076
15061752,59.714,59.853,59.992,59.681,60.026,59.512,60.0626,59.787,59.43,59.582,61.946,63.241
15061753,59.445,59.545,59.31,59.462,59.356,59.528,59.27904,59.323,59.43,59.524,57.57,62.657
15061754,60.032,60.15,61.057,60.08,61.53,59.561,61.99934,60.264,59.43,59.588,68.235,65.278
15061755,58.932,59.214,58.06,58.944,57.743,59.393,57.57228,58.308,59.43,59.368,50.763,52.774
15061756,58.89,59.185,57.998,58.901,57.691,59.374,57.59932,58.289,59.43,59.355,53.239,53.59
15061757,60.01,59.999,60.256,60.049,60.311,59.775,60.36254,60.1,59.43,59.75,58.766,58.385
15061758,60.184,60.161,60.992,60.235,61.312,59.674,61.89906,61.1,59.43,59.774,68.238,66.784
15061759,60.17,60.087,61.101,60.205,61.479,59.666,62.22844,61.182,59.43,59.759,68.237,65.446
15061760,58.612,58.691,58.232,58.657,57.997,58.986,58.0193,58.464,59.43,59.116,57.1,61.737
15061762,58.838,58.798,58.477,58.789,58.337,59.081,58.21829,58.545,59.43,59.166,52.091,53
15061765,60.243,60.312,61.037,60.282,61.222,59.874,61.35621,60.749,59.43,59.796,65.242,63.794
15061766,61.619,61.645,62.878,61.692,63.201,60.822,63.11559,62.125,59.43,60.741,66.764,65.442
15061767,61.667,61.404,63.108,61.764,63.748,60.601,63.65291,62.544,59.43,60.497,68.236,68.792
15061769,59.074,58.812,58.357,59.072,58.151,59.469,57.88995,58.881,59.43,59.433,54.763,56.689
15061771,59.373,59.478,59.196,59.416,59.196,59.524,59.17136,59.297,59.43,59.51,58.189,64.042
15061772,61.737,61.434,63.242,61.829,63.932,60.604,63.7645,62.583,59.43,60.515,68.976,71.131
15061773,59.832,59.939,60.328,59.996,60.644,59.578,60.58891,59.87,59.43,59.588,56.536,58.811
15061777,59.985,59.985,60.209,60.013,60.249,59.745,60.35395,60.066,59.43,59.731,62.408,63.51
15061778,59.348,59.471,59.154,59.381,59.16,59.521,59.12807,59.267,59.43,59.499,54.76,54.694
15061784,59.362,59.485,59.171,59.394,59.184,59.518,59.14126,59.277,59.43,59.502,55.287,54.974
15061785,59.62,59.545,58.933,59.548,58.79,59.778,58.56587,59.038,59.43,59.74,53.761,56.303
15061788,59.036,59.032,58.564,59.013,58.134,59.419,58.07241,58.642,59.43,59.35,54.763,55.789
15061790,59.98,59.971,60.201,60.006,60.257,59.775,60.33712,60.091,59.43,59.741,61.234,62.841
15061795,58.653,58.771,58.251,58.686,57.92,59.19,58.00544,58.459,59.43,59.121,54.14,51.175
15061797,59.367,59.485,59.188,59.402,59.202,59.528,59.12565,59.281,59.43,59.506,55.244,55.154
15061798,58.693,58.775,58.379,58.723,58.262,59.21,58.38073,58.581,59.43,59.156,53.76,55.786
15061800,59.409,59.009,59.198,59.413,59.399,59.47,58.81988,58.984,59.43,59.441,54.761,56.222
15061801,58.397,58.35,58.417,58.371,58.524,58.301,59.53271,58.783,59.43,58.43,65.239,63.299
15061808,58.421,58.36,58.494,58.422,58.646,58.311,59.60602,58.841,59.43,58.445,65.237,63.708
15061811,60.334,60.438,60.555,60.401,60.487,60.081,60.47082,60.535,59.43,60.086,54.855,55.102
15061813,57.988,57.872,57.147,58.008,57.014,58.516,56.25059,57.037,59.43,58.435,53.239,53.839
15061815,57.587,57.772,57.098,57.52,56.905,57.92,56.84151,57.177,59.43,57.932,57.815,61.35
15061826,58.691,58.78,58.416,58.715,58.216,59.238,58.27593,58.67,59.43,59.179,54.761,56.674
15061905,59.406,59.509,59.42,59.407,59.365,59.297,59.14851,59.029,59.43,59.355,58.62,61.709
15061906,59.541,59.648,59.331,59.654,58.95,59.64,58.78682,59.127,59.43,59.591,54.41,55.135
15061908,58.945,59.125,58.114,58.966,57.677,59.415,57.56875,58.323,59.43,59.456,50.761,52.275
15061909,59.718,59.744,60.238,59.758,60.392,59.835,60.67843,60.273,59.43,59.675,61.455,65.233
15061910,57.586,57.748,57.096,57.524,56.928,57.898,56.73141,57.113,59.43,57.919,54.76,54.679
15061911,59.115,59.158,58.97,59.095,59.06,59.001,59.09473,58.913,59.43,59.085,54.762,56.776
15061912,58.862,58.892,57.872,58.7,57.609,59.213,57.01226,58.254,59.43,59.246,54.76,55.151
15061915,59.155,59.172,59.038,59.137,59.129,59.022,59.12719,58.94,59.43,59.098,54.855,56.517
15061917,61.106,60.998,61.785,61.176,61.93,60.599,61.98823,61.818,59.43,60.442,65.119,64.72
15061918,58.688,58.805,58.564,58.701,58.547,58.675,58.51886,58.443,59.43,58.76,60.532,61.236
15061926,57.604,57.765,57.134,57.54,56.966,57.907,56.8663,57.163,59.43,57.922,59.707,62.301
15061927,60.62,60.416,61.949,60.736,62.43,59.851,62.70096,60.842,59.43,59.886,68.238,66.038
15061928,58.993,58.495,58.325,58.8,58.365,59.157,57.91382,58.593,59.43,59.209,54.763,56.601
15061929,57.87,57.929,56.756,57.864,56.371,58.613,55.97943,57.59,59.43,58.719,54.765,55.252
15061930,58.708,58.799,58.564,58.722,58.539,58.686,58.43144,58.472,59.43,58.78,59.682,61.324
15061933,58.955,59.061,58.515,58.961,58.396,59.215,58.33755,58.635,59.43,59.34,54.064,49.516
15061934,58.561,58.649,58.105,58.623,57.865,58.996,57.92295,58.455,59.43,59.11,53.857,54.946
15061935,59.167,59.174,59.074,59.145,59.19,59.012,59.30141,59.025,59.43,59.116,63.826,64.464
15061937,60.61,60.604,61.345,60.688,61.592,60.079,61.6111,60.864,59.43,60,66.339,66.366
15061939,59.42,59.522,59.283,59.454,59.364,59.545,59.24361,59.355,59.43,59.521,58.827,63.144
15061941,60.722,60.587,61.843,60.818,62.248,60.017,62.3887,61.361,59.43,59.982,68.426,67.5
15061942,60.355,60.376,61.199,60.538,61.579,60.04,61.6817,60.95,59.43,59.955,65.237,65.257
15061944,61.051,60.82,61.928,61.129,62.262,60.424,62.87176,61.339,59.43,60.26,68.239,66.014
15061945,61.131,61.01,61.837,61.206,61.985,60.625,62.05748,61.869,59.43,60.454,65.24,61.237
15061946,58.84,58.798,58.518,58.802,58.386,59.098,58.28626,58.607,59.43,59.171,54.765,56.688
15061948,58.918,59.046,58.463,58.929,58.33,59.215,58.29064,58.606,59.43,59.331,54.761,54.665
15061949,59.804,59.703,59.58,59.761,59.5,59.74,59.14279,59.412,59.43,59.715,54.666,54.899
15061951,61.101,60.981,61.803,61.168,61.938,60.623,62.01526,61.852,59.43,60.445,66.44,67.63
15061952,58.575,58.643,58.135,58.614,57.915,58.986,57.93828,58.427,59.43,59.105,56.113,60.292
15061953,59.17,59.375,58.943,59.149,58.841,59.515,58.94081,59.191,59.43,59.5,57.176,62.938
15061958,61.187,61.076,62.487,61.171,62.85,60.401,63.76284,61.594,59.43,60.202,76.237,70.699
15061960,59.545,59.633,59.325,59.66,58.941,59.627,58.80644,59.103,59.43,59.587,54.761,55.225
15061961,59.166,59.345,58.945,59.137,58.851,59.498,58.93899,59.197,59.43,59.498,56.126,63.797
15061962,59.13,59.145,59.011,59.099,59.093,59.016,59.12876,58.939,59.43,59.094,54.761,56.159
15061963,59.381,59.49,59.206,59.417,59.22,59.535,59.14899,59.312,59.43,59.51,57.238,58.01
15061965,59.538,59.877,59.371,59.501,59.265,59.667,59.57428,60.02,59.43,59.733,65.24,63.389
15061966,59.555,59.576,59.777,59.557,59.692,59.418,59.08571,59.21,59.43,59.43,54.764,56.417
15061967,59.86,59.852,60.247,59.883,60.391,59.697,60.51874,60.263,59.43,59.692,57.078,58.949
15061968,59.973,59.979,60.168,60.02,60.219,59.76,60.26522,60.051,59.43,59.739,58.106,52.444
15062036,59.68,59.638,59.944,59.713,60.02,59.447,59.90308,59.616,59.43,59.528,57.064,58.009
15062038,61.119,61.003,61.816,61.197,61.961,60.608,62.01507,61.823,59.43,60.446,64.641,61.022
15062039,59.431,59.556,59.484,59.429,59.405,59.305,59.09641,59.046,59.43,59.357,53.76,55.391
15062046,58.797,58.881,57.76,58.651,57.476,59.202,56.85057,58.203,59.43,59.217,54.76,55.276
15062050,57.973,58.054,56.715,57.84,56.356,58.926,56.2366,57.645,59.43,58.708,53.763,55.615
15062051,61.128,61.003,61.838,61.215,61.98,60.619,62.05303,61.835,59.43,60.453,62.961,55.989
15062067,58.433,58.389,58.54,58.44,58.703,58.305,59.66195,58.87,59.43,58.446,68.237,65.378
15062069,59.029,58.983,58.548,59.006,58.141,59.445,58.03475,58.646,59.43,59.35,54.759,56.025
15062071,59.24,59.467,59.093,59.235,58.966,59.501,59.09381,59.588,59.43,59.574,56.317,56.479
15062080,58.81,59.065,58.381,58.831,58.274,59.24,58.22659,58.616,59.43,59.18,54.763,55.886
15062092,58.915,59.048,58.467,58.93,58.318,59.215,58.2757,58.608,59.43,59.331,54.375,53.616
15062094,59.169,59.372,58.939,59.164,58.868,59.496,58.95511,59.185,59.43,59.498,57.052,65.104
15062097,60.362,60.453,60.607,60.424,60.54,60.112,60.53165,60.598,59.43,60.101,58.07,57.652
15062099,58.886,58.622,58.733,58.817,58.963,58.802,59.48556,59.033,59.43,58.847,56.606,57.946
15062100,57.961,57.712,57.28,57.806,57.135,58.047,56.50447,57.51,59.43,58.138,54.764,55.484
15062101,60.737,60.778,61.473,60.874,61.589,60.379,61.68994,61.415,59.43,60.23,65.237,63.768
15062102,59.262,58.948,59.368,59.258,59.428,59.183,59.14102,59.227,59.43,59.282,58.765,59.142
15062103,59.108,59.228,58.579,59.16,58.354,59.383,57.83038,58.613,59.43,59.433,53.763,55.556
15062105,59.144,59.343,58.879,59.117,58.761,59.496,58.87796,59.151,59.43,59.492,55.289,55.325
15062106,59.355,59.469,59.156,59.377,59.165,59.517,59.12996,59.297,59.43,59.5,56.568,56.904
15062107,60.191,60.296,60.867,60.253,61.198,59.635,61.52234,60.897,59.43,59.791,65.554,59.221
15062108,59.389,59.493,59.213,59.418,59.234,59.525,59.16511,59.285,59.43,59.509,55.577,55.293
15062109,61.105,60.997,61.786,61.179,61.937,60.602,62.00159,61.821,59.43,60.443,64.865,64.29
15062111,58.906,59.198,58.087,58.946,57.575,59.412,57.61449,58.398,59.43,59.48,53.762,54.601
15062112,59.195,59.378,58.948,59.163,58.851,59.514,58.93417,59.179,59.43,59.509,56.193,62.439
15062114,60.659,60.66,61.704,60.71,61.992,59.937,61.99869,61.257,59.43,59.958,68.878,66.896
15062117,61.118,60.998,61.805,61.187,61.948,60.602,61.98805,61.83,59.43,60.447,65.091,62.622
15062118,61.095,60.988,61.773,61.168,61.909,60.603,61.96741,61.829,59.43,60.442,65.27,65.421
15062122,59.794,59.497,59.841,59.869,59.82,59.572,59.93674,59.693,59.43,59.642,63.479,62.068
15062124,60.194,60.298,61,60.243,61.137,59.877,61.34677,60.714,59.43,59.787,66.811,66.41
15062126,59.158,59.436,58.858,59.09,58.644,59.565,58.93788,59.355,59.43,59.509,68.239,65.521
15062130,61.188,61.188,62.578,61.336,63.132,60.287,62.98665,61.446,59.43,60.272,68.24,66.876
15062136,59.659,59.491,59.643,59.579,59.756,59.466,59.95331,59.671,59.43,59.478,55.448,56.438
15062137,59.374,59.486,59.184,59.408,59.195,59.501,59.11852,59.299,59.43,59.504,54.976,55.221
15062138,59.406,59.569,59.339,59.382,59.323,59.576,59.38863,59.539,59.43,59.59,68.237,65.547
15062139,58.813,58.813,58.298,58.811,58.21,59.245,57.86572,58.378,59.43,59.236,54.762,55.748
15062142,59.824,59.686,60.344,59.879,60.605,59.224,61.09411,60.003,59.43,59.352,67.51,65.543
15062145,59.188,59.286,58.734,59.152,58.374,59.447,58.29138,58.965,59.43,59.448,54.762,56.747
15062146,58.721,58.832,58.401,58.753,58.089,59.219,58.21879,58.585,59.43,59.142,61.677,64.861
15062149,58.749,58.771,58.159,58.753,58.071,59.239,57.79826,58.356,59.43,59.228,53.763,54.699
15062150,59.131,59.358,58.771,59.041,58.52,59.25,58.09006,58.695,59.43,59.343,54.764,56.413
15062151,58.865,59.049,58.423,58.8,58.079,59.207,57.87098,58.678,59.43,59.28,54.763,56.398
15062152,59.418,59.508,59.251,59.448,59.293,59.527,59.17521,59.309,59.43,59.52,56.683,58.023
15062153,59.415,59.524,59.267,59.436,59.283,59.525,59.18522,59.31,59.43,59.515,56.729,62.31
15062331,58.767,58.828,58.712,58.804,58.755,58.707,59.10538,58.694,59.43,58.809,72.878,69.524
15062332,58.723,58.796,58.587,58.72,58.588,58.689,58.56735,58.476,59.43,58.769,61.032,62.172
15062333,59.644,59.726,59.717,59.702,59.515,59.552,59.18318,59.34,59.43,59.57,54.763,54.81
15062334,58.666,58.777,58.524,58.679,58.47,58.676,58.32743,58.381,59.43,58.756,57.238,56.764
15062335,59.749,59.81,59.423,59.698,59.51,59.853,59.25945,59.629,59.43,59.703,54.553,56.897
15062337,61.106,61,61.787,61.187,61.931,60.604,62.01884,61.832,59.43,60.444,65.238,62.539
15062338,61.1,60.991,61.769,61.168,61.909,60.596,61.96004,61.785,59.43,60.441,62.25,57.779
15062346,59.728,59.839,59.604,59.744,59.675,59.833,59.21582,59.627,59.43,59.786,54.762,56.468
15062347,61.698,61.415,63.16,61.787,63.836,60.611,63.7078,62.58,59.43,60.505,68.134,67.921
15062348,61.145,61.014,61.862,61.224,62.009,60.636,62.07946,61.873,59.43,60.462,64.61,59.037
15062349,58.928,58.765,58.008,58.865,57.668,59.597,57.48757,58.253,59.43,59.434,53.763,53.624
15062350,59.818,59.722,59.612,59.774,59.525,59.746,59.13321,59.423,59.43,59.723,54.765,55.001
15062351,58.913,58.849,58.646,58.869,58.521,59.12,58.46426,58.613,59.43,59.184,57.978,63.173
15062353,60.713,60.588,61.843,60.816,62.229,60.007,62.33719,61.342,59.43,59.98,66.745,63.096
15062354,61.118,61.003,61.802,61.19,61.934,60.619,62.03173,61.837,59.43,60.449,65.271,69.098
15062356,58.711,58.83,58.356,58.737,58.057,59.221,58.12686,58.546,59.43,59.142,58.904,58.543
15062357,59.157,59.353,58.902,59.132,58.816,59.496,58.91084,59.165,59.43,59.498,55.724,60.883
15062358,59.398,59.511,59.232,59.427,59.25,59.538,59.19883,59.322,59.43,59.517,57.24,58.297
15062360,58.373,58.316,58.398,58.36,58.506,58.294,59.36979,58.757,59.43,58.428,62.732,54.088
15062361,58.925,59.218,58.113,58.968,57.607,59.426,57.62446,58.424,59.43,59.488,54.225,55.607
15062363,59.454,59.537,59.482,59.436,59.429,59.317,59.1186,59.044,59.43,59.362,54.76,56.385
15062366,58.861,59.071,58.72,58.858,58.582,59.304,58.67472,58.851,59.43,59.25,65.235,62.854
15062367,60.628,60.656,61.626,60.683,61.898,59.929,61.90935,61.23,59.43,59.947,68.859,65.408
15062368,61.097,60.972,61.779,61.163,61.901,60.623,61.99445,61.837,59.43,60.443,66.239,67.847
15062369,58.782,58.794,58.246,58.79,58.142,59.257,57.81902,58.358,59.43,59.229,54.502,55.441
15062370,58.926,58.774,58.028,58.868,57.676,59.585,57.49644,58.243,59.43,59.435,53.804,53.991
