"Samples","Tallo.L","Tallo.C","Tallo.H","PriFlor.L","PriFlor.C","PriFlor.H","Baya.L","Baya.C","Baya.H","PriTuber.L","PriTuber.C","PriTuber.H","SecTuber.L","SecTuber.C","SecTuber.H","Pulpa.L","Pulpa.C","Pulpa.H","PriBrote.L","PriBrote.C","PriBrote.H","SecBrote.L","SecBrote.C","SecBrote.H"
15060006,28,16,359,52,45,305,50,28,115,28,11,318,NA,NA,NA,80,42,96,26,20,307,NA,NA,NA
15060013,NA,NA,NA,54,49,320,54,44,117,30,11,328,81,32,84,89,8,95,26,20,307,95,7,318
15061904,28,16,359,36,55,329,58,32,112,50,26,342,79,36,83,84,18,90,26,20,307,95,7,318
15060016,28,16,359,45,57,327,62,43,124,29,8,313,NA,NA,NA,82,35,93,26,20,307,95,7,318
15060021,28,16,359,37,43,331,44,26,116,29,8,313,NA,NA,NA,82,35,93,26,20,307,95,7,318
15060025,54,44,117,52,45,305,66,48,118,76,47,85,27,19,5,94,5,52,26,20,307,95,7,318
15060027,28,16,359,36,39,321,54,44,117,35,29,17,75,35,83,92,6,71,26,20,307,95,7,318
15062333,28,16,359,NA,NA,NA,54,44,117,30,16,3,29,8,313,92,6,71,26,20,307,NA,NA,NA
15060039,54,44,117,36,55,329,50,28,115,34,28,21,80,42,96,92,6,71,45,57,327,95,7,318
15062036,54,44,117,52,55,328,53,38,132,50,26,342,80,42,96,92,6,71,NA,NA,NA,94,5,52
15060042,28,16,359,45,57,327,66,48,118,50,26,342,80,42,96,92,6,71,26,20,307,94,5,52
15062038,54,44,117,43,58,322,58,45,128,39,28,22,80,41,86,84,26,94,44,53,341,95,5,344
15060050,54,44,117,54,49,320,50,28,115,80,28,67,34,34,8,92,6,71,45,57,327,95,7,318
15060056,54,44,117,89,8,95,66,48,118,76,47,85,81,29,350,92,3,32,26,20,307,95,7,318
15061905,58,45,128,41,42,316,NA,NA,NA,39,28,22,80,42,96,84,18,90,48,58,336,95,7,318
15060063,28,16,359,36,55,329,71,50,115,35,29,17,NA,NA,NA,84,18,90,39,57,339,95,7,318
15060070,28,16,359,36,55,329,54,44,117,29,8,313,80,42,96,92,6,71,26,20,307,95,7,318
15062039,54,44,117,37,43,331,53,38,132,82,30,83,50,26,342,84,26,94,31,33,324,95,7,318
15060072,54,44,117,49,57,317,71,50,115,70,40,42,75,35,83,84,26,94,NA,NA,NA,95,5,344
15061906,28,16,359,52,45,305,54,44,117,29,8,313,NA,NA,NA,92,6,71,26,20,307,96,7,318
15061907,66,48,118,89,8,95,44,26,116,80,42,96,NA,NA,NA,84,26,94,94,4,41,48,58,336
15060081,54,44,117,52,45,305,58,32,112,80,41,86,30,29,7,94,5,52,26,20,307,95,5,344
15062331,54,44,117,45,57,327,77,8,70,50,26,342,74,37,74,92,6,71,43,58,322,95,5,344
15060082,54,44,117,36,39,321,44,26,116,80,42,96,27,22,344,92,6,71,26,20,307,94,4,41
15062332,54,44,117,44,53,341,66,48,118,42,36,346,80,28,67,92,6,71,26,20,307,95,5,344
15061908,28,16,359,44,53,341,50,28,115,35,29,17,28,11,318,84,24,85,45,57,327,95,5,344
15060085,54,44,117,33,58,312,58,45,128,30,11,328,NA,NA,NA,94,5,52,26,20,307,95,5,344
15061909,54,44,117,36,55,329,71,50,115,28,11,318,NA,NA,NA,84,18,90,26,20,307,95,5,344
15060087,28,16,359,41,60,332,50,28,115,30,11,328,81,32,84,94,4,41,26,20,307,95,5,344
15060090,54,44,117,41,60,332,66,48,118,42,36,346,81,32,84,94,5,52,26,20,307,95,7,318
15060097,54,44,117,58,45,310,58,45,128,75,35,83,NA,NA,NA,94,5,52,81,26,337,94,4,41
15060100,54,44,117,89,8,95,77,39,117,43,33,10,75,35,83,84,26,94,26,20,307,95,7,318
15060101,54,44,117,89,8,95,53,38,132,50,26,342,80,42,96,92,6,71,26,20,307,95,7,318
15060102,54,44,117,89,8,95,54,44,117,30,29,7,NA,NA,NA,92,6,71,26,20,307,95,7,318
15061910,54,44,117,36,39,321,54,44,117,50,26,342,NA,NA,NA,92,6,71,26,20,307,95,7,318
15060110,28,16,359,36,55,329,54,44,117,28,16,359,76,47,85,92,6,71,26,20,307,95,5,344
15060112,54,44,117,41,58,318,44,26,116,30,29,7,75,35,83,84,18,90,26,20,307,95,7,318
15060114,54,44,117,48,40,314,54,44,117,43,33,10,75,35,83,92,6,71,48,41,320,94,5,52
15060120,28,16,359,57,46,323,71,50,115,80,42,96,48,38,6,92,6,71,52,55,328,95,7,318
15060121,54,44,117,52,45,305,58,45,128,28,16,359,NA,NA,NA,92,6,71,26,20,307,95,7,318
15060122,54,44,117,66,36,324,44,26,116,43,33,10,79,36,83,84,18,90,31,33,324,95,7,318
15061911,54,44,117,54,49,320,54,44,117,44,41,21,82,35,93,84,18,90,NA,NA,NA,95,7,318
15060138,28,16,359,36,39,321,44,26,116,43,39,17,79,36,83,92,6,71,26,20,307,95,7,318
15062046,54,44,117,45,57,327,54,44,117,80,41,86,49,41,6,84,26,94,44,53,341,95,7,318
15061912,54,44,117,57,46,323,54,44,117,80,41,86,45,25,28,84,26,94,44,53,341,95,7,318
15060160,54,44,117,36,39,321,58,45,128,43,33,10,81,32,84,84,18,90,26,20,307,95,5,344
15061915,54,44,117,54,49,320,54,44,117,76,47,85,50,29,17,84,18,90,61,52,343,95,7,318
15062334,54,44,117,43,58,322,58,45,128,81,32,84,41,37,12,92,6,71,26,20,307,NA,NA,NA
15062050,54,44,117,52,55,328,53,38,132,75,35,83,48,39,21,84,18,90,NA,NA,NA,96,7,318
15060187,28,16,359,39,57,339,54,44,117,30,16,3,82,35,93,82,35,93,41,42,316,96,7,318
15061916,54,44,117,36,39,321,58,32,112,27,19,5,75,35,83,84,18,90,26,20,307,NA,NA,NA
15062335,54,44,117,39,57,339,53,38,132,40,35,16,NA,NA,NA,84,18,90,41,60,332,96,7,318
15060188,54,44,117,45,57,327,58,45,128,66,40,69,30,11,328,94,5,52,26,20,307,95,7,318
15060190,54,44,117,36,39,321,71,50,115,NA,NA,NA,73,31,53,84,18,90,26,20,307,95,7,318
15060191,54,44,117,36,55,329,69,59,106,80,41,86,41,37,12,84,26,94,26,20,307,95,7,318
15060214,54,44,117,36,39,321,54,44,117,76,47,85,41,37,12,92,6,71,NA,NA,NA,95,7,318
15060215,54,44,117,45,57,327,54,44,117,NA,NA,NA,80,41,86,92,6,71,31,33,324,95,7,318
15060313,54,44,117,36,55,329,50,28,115,77,45,83,43,33,10,84,18,90,95,7,318,NA,NA,NA
15060320,54,44,117,45,57,327,66,48,118,80,42,96,48,39,21,84,18,90,39,53,346,94,4,41
15060345,54,44,117,48,41,320,71,50,115,80,42,96,43,39,17,84,26,94,44,53,341,95,7,318
15062337,54,44,117,36,55,329,66,48,118,40,35,16,80,42,96,84,18,90,62,50,338,96,7,318
15062051,54,44,117,36,55,329,54,44,117,40,35,16,80,41,86,84,26,94,62,50,338,96,7,318
15062052,54,44,117,36,55,329,69,59,106,43,39,17,80,41,86,84,26,94,30,28,345,95,7,318
15061917,54,44,117,43,58,322,69,59,106,35,29,17,80,42,96,84,18,90,NA,NA,NA,96,7,318
15060383,54,44,117,61,43,319,53,38,132,75,35,83,50,29,17,80,42,96,62,50,338,96,7,318
15062338,54,44,117,36,55,329,54,44,117,42,37,18,76,47,85,84,26,94,NA,NA,NA,95,7,318
15062339,54,44,117,36,55,329,69,59,106,76,47,85,42,37,18,84,26,94,36,39,321,95,7,318
15060420,54,44,117,57,46,323,58,45,128,42,37,18,75,35,83,84,18,90,NA,NA,NA,95,7,318
15062053,54,44,117,45,57,327,53,38,132,40,35,16,80,41,86,92,6,71,52,45,330,95,7,318
15062363,54,44,117,36,55,329,54,44,117,39,28,22,80,41,86,84,18,90,NA,NA,NA,96,7,318
15060467,54,44,117,36,55,329,53,38,132,43,33,10,76,47,85,84,18,90,26,20,307,95,7,318
15060536,54,44,117,67,36,319,54,44,117,81,32,84,NA,NA,NA,84,18,90,47,59,350,95,7,318
15060543,54,44,117,57,46,323,54,44,117,38,32,14,NA,NA,NA,84,26,94,47,59,350,96,7,318
15060570,54,44,117,42,39,319,54,44,117,76,47,85,38,32,14,84,26,94,43,58,322,96,7,318
15060797,54,44,117,36,39,321,54,44,117,27,19,5,80,41,86,82,35,93,NA,NA,NA,96,7,318
15061918,54,44,117,45,57,327,NA,NA,NA,50,26,342,82,30,83,92,6,71,31,33,324,94,4,41
15060846,54,44,117,56,48,332,NA,NA,NA,38,32,14,81,32,84,92,3,32,26,20,307,94,4,41
15060907,28,16,359,43,58,322,54,44,117,51,43,355,80,41,86,92,6,71,28,35,303,95,7,318
15060909,54,44,117,61,43,319,54,44,117,82,35,93,42,37,18,92,6,71,NA,NA,NA,94,4,41
15060933,54,44,117,43,58,312,66,48,118,43,39,17,81,32,84,94,5,52,47,59,350,96,7,318
15060964,54,44,117,36,39,321,53,38,132,28,16,359,76,47,85,81,32,84,43,40,309,96,7,318
15061007,54,44,117,43,58,322,54,44,117,43,33,10,75,35,83,81,32,84,43,40,309,96,7,318
15061011,54,44,117,43,58,312,54,44,117,80,42,96,43,33,10,84,26,94,75,26,302,95,7,318
15061122,54,44,117,41,60,332,NA,NA,NA,43,33,10,75,35,83,92,6,71,49,57,317,96,7,318
15061204,54,44,117,53,43,320,NA,NA,NA,30,11,328,NA,NA,NA,84,18,90,26,20,307,NA,NA,NA
15061213,54,44,117,36,55,329,63,32,111,35,29,17,75,35,83,84,24,85,36,47,352,94,4,41
15061215,54,44,117,43,58,322,54,44,117,34,28,21,80,42,96,84,18,90,52,45,330,94,4,41
15061216,54,44,117,89,8,95,66,48,118,30,11,328,81,32,84,84,18,90,38,40,308,96,7,318
15061225,54,44,117,36,55,329,66,48,118,43,33,10,84,24,85,92,6,71,59,40,305,96,7,318
15061226,54,44,117,41,42,316,58,32,112,80,41,86,29,23,333,92,6,71,NA,NA,NA,94,4,41
15061228,28,16,359,43,58,312,58,45,128,30,11,328,82,35,93,84,18,90,26,20,307,95,7,318
15061235,54,44,117,52,45,305,50,28,115,42,32,25,NA,NA,NA,84,26,94,54,57,347,96,7,318
15061236,54,44,117,52,45,305,54,44,117,81,32,84,42,36,346,84,26,94,26,20,307,95,7,318
15061237,54,44,117,54,39,313,76,75,107,43,39,17,81,32,84,95,5,344,48,58,336,96,7,318
15061239,54,44,117,53,43,320,66,48,118,80,41,86,50,29,17,92,6,71,39,57,339,96,7,318
15061244,54,44,117,53,43,320,50,28,115,35,29,17,NA,NA,NA,92,6,71,26,20,307,94,4,41
15061255,54,44,117,41,42,316,66,48,118,79,36,83,43,39,17,84,18,90,NA,NA,NA,95,5,344
15061256,54,44,117,36,55,329,54,44,117,30,11,328,75,35,83,92,6,88,26,20,307,95,7,318
15061257,28,16,359,41,42,316,66,48,118,43,39,17,NA,NA,NA,84,18,90,NA,NA,NA,NA,NA,NA
15061258,28,16,359,53,43,320,54,44,117,30,11,328,80,41,86,92,3,32,26,20,307,95,5,344
15061259,28,16,359,48,40,314,44,26,116,29,8,313,80,41,86,92,6,71,26,20,307,94,4,41
15062063,54,44,117,36,39,321,66,48,118,27,19,5,29,8,313,84,18,90,26,20,307,94,4,41
15061926,54,44,117,36,55,329,69,59,106,28,16,359,80,41,86,92,3,32,33,34,316,94,4,41
15061927,28,16,359,63,31,315,69,59,106,29,8,313,80,42,96,92,6,71,47,44,304,94,4,41
15062344,54,44,117,36,55,329,NA,NA,NA,30,29,7,80,42,96,84,18,90,26,20,307,96,7,318
15061928,28,16,359,45,57,327,54,44,117,30,11,328,80,41,86,92,6,71,65,35,303,96,7,318
15062067,54,44,117,45,57,327,69,59,106,80,42,96,42,37,18,92,6,71,39,53,346,94,4,41
15061929,54,44,117,42,39,319,54,44,117,75,35,83,42,36,346,92,6,71,26,20,307,95,7,318
15061930,28,16,359,45,57,327,NA,NA,NA,50,26,342,79,36,83,92,3,32,31,33,324,95,7,318
15062069,28,16,359,31,33,324,54,44,117,28,11,318,27,19,5,84,26,94,26,20,307,96,7,318
15061260,54,44,117,57,46,323,58,45,128,30,11,328,75,35,83,92,6,71,26,20,307,94,4,41
15061261,54,44,117,52,45,305,69,59,106,80,41,86,50,29,17,80,42,96,33,34,316,95,7,318
15061262,54,44,117,88,10,96,58,45,128,NA,NA,NA,66,40,69,84,18,90,26,20,307,94,4,41
15062071,54,44,117,88,10,96,53,38,132,60,32,41,50,26,342,84,18,90,26,20,307,95,7,318
15061263,54,44,117,92,6,71,58,45,128,28,16,359,NA,NA,NA,84,26,94,58,42,304,96,7,318
15061932,54,44,117,57,46,323,58,45,128,80,42,96,NA,NA,NA,92,6,71,52,45,330,94,4,41
15061264,54,44,117,92,6,71,54,44,117,75,35,83,43,33,10,84,26,94,26,20,307,94,4,41
15061933,54,44,117,49,42,312,44,26,116,28,16,359,75,35,83,84,26,94,26,20,307,94,4,41
15061265,54,44,117,52,45,305,66,48,118,30,29,7,80,42,96,92,6,71,26,20,307,95,7,318
15061270,54,44,117,54,49,320,54,44,117,43,39,17,NA,NA,NA,84,18,90,26,20,307,NA,NA,NA
15062074,54,44,117,70,31,304,54,44,117,80,41,86,50,26,342,92,3,32,26,20,307,94,4,41
15061934,28,16,359,43,58,322,53,38,132,80,41,86,28,16,359,84,26,94,26,20,307,94,4,41
15061935,54,44,117,36,55,329,69,59,106,42,37,18,80,41,86,92,6,71,54,57,347,94,4,41
15061271,54,44,117,43,58,312,62,43,124,30,11,328,80,42,96,92,3,32,26,20,307,96,7,318
15061936,54,44,117,36,55,329,44,26,116,34,28,21,NA,NA,NA,84,18,90,36,47,352,94,4,41
15061273,54,44,117,41,58,318,54,44,117,43,39,17,38,32,14,84,26,94,26,20,307,44,54,353
15061274,54,44,117,43,58,312,44,26,116,41,37,12,NA,NA,NA,84,18,90,44,53,341,96,7,318
15061937,54,44,117,36,39,321,71,50,115,28,16,359,80,42,96,92,3,32,26,20,307,94,4,41
15061277,54,44,117,54,49,320,58,45,128,80,41,86,50,29,17,92,6,71,NA,NA,NA,96,7,318
15062080,54,44,117,43,58,322,54,44,117,76,47,85,42,36,346,84,18,90,57,46,323,96,7,318
15062081,NA,NA,NA,54,39,308,71,50,115,27,19,5,NA,NA,NA,84,18,90,26,20,307,NA,NA,NA
15061279,54,44,117,54,49,320,54,44,117,35,29,17,NA,NA,NA,84,26,94,33,26,314,39,53,346
15061280,54,44,117,43,58,322,58,45,128,42,37,18,79,36,83,84,18,90,44,53,341,94,4,41
15061281,54,44,117,41,60,332,50,28,115,42,37,18,80,42,96,92,6,71,54,49,320,96,7,318
15061939,54,44,117,43,58,322,66,48,118,80,42,96,NA,NA,NA,84,26,94,94,4,41,31,33,324
15061282,54,44,117,43,58,322,58,32,112,50,26,342,92,6,71,92,6,71,27,28,306,96,7,318
15060910,28,16,359,36,55,329,44,26,116,43,39,17,80,42,96,84,18,90,48,58,336,96,7,318
15061940,54,44,117,54,49,320,54,44,117,82,35,93,46,41,8,92,6,71,43,58,322,94,4,41
15061283,54,44,117,31,33,324,66,48,118,34,28,21,80,42,96,84,18,90,27,28,306,95,5,344
15061284,54,44,117,53,43,320,66,48,118,30,16,3,80,41,86,92,6,71,26,20,307,94,4,41
15061285,54,44,117,54,49,320,72,45,115,38,32,14,80,41,86,84,18,90,31,33,324,96,7,318
15062346,54,44,117,41,42,316,54,44,117,80,42,96,NA,NA,NA,84,26,94,36,49,301,96,7,318
15061286,54,44,117,36,39,321,54,44,117,35,29,17,75,35,83,84,26,94,84,16,308,39,53,346
15061287,54,44,117,49,42,312,66,48,118,40,35,16,75,35,83,84,18,90,26,20,307,94,4,41
15061288,54,44,117,48,40,314,NA,NA,NA,40,35,16,82,35,93,92,6,71,NA,NA,NA,94,4,41
15061289,54,44,117,45,57,327,66,48,118,38,32,14,75,35,83,84,18,90,57,46,323,94,4,41
15061290,54,44,117,54,49,320,72,45,115,80,42,96,43,33,10,92,6,71,26,20,307,95,7,318
15061291,54,44,117,49,57,317,54,44,117,42,37,18,80,42,96,84,18,90,45,57,327,94,4,41
15061292,28,16,359,45,57,327,54,44,117,29,8,313,75,35,83,84,26,94,26,20,307,94,4,41
15061293,28,16,359,53,43,320,66,48,118,65,57,97,28,11,318,84,18,90,27,28,306,94,4,41
15061295,36,19,28,54,49,320,71,50,115,35,29,17,28,11,318,92,6,71,26,20,307,96,7,318
15061941,54,44,117,54,49,320,71,50,115,75,35,83,43,33,10,84,18,90,52,55,328,94,4,41
15061296,28,16,359,54,49,320,66,48,118,29,8,313,75,35,83,84,26,94,33,26,314,95,7,318
15061297,54,44,117,43,58,312,54,44,117,29,8,313,76,47,85,89,8,95,26,20,307,96,7,318
15061942,54,44,117,57,46,323,66,48,118,39,46,9,80,42,96,84,18,90,33,26,314,NA,NA,NA
15061298,54,44,117,61,43,319,66,48,118,54,43,21,80,42,96,84,18,90,33,26,314,94,4,41
15061299,NA,NA,NA,61,43,319,54,44,117,43,33,10,82,26,80,92,6,71,43,40,309,96,7,318
15061300,54,44,117,43,58,322,58,32,112,80,42,96,30,11,328,88,10,96,27,28,306,94,4,41
15061301,54,44,117,43,58,322,54,44,117,38,32,14,80,42,96,84,18,90,33,26,314,36,47,352
15061302,54,44,117,31,33,324,66,48,118,30,11,328,80,42,96,84,26,94,27,28,306,94,4,41
15061303,54,44,117,57,46,323,66,48,118,80,42,96,43,33,10,92,6,71,52,55,328,94,4,41
15061305,54,44,117,42,39,319,66,48,118,80,41,86,42,36,346,92,6,71,26,20,307,94,4,41
15061307,28,16,359,61,43,319,54,44,117,30,16,3,82,35,93,84,18,90,27,28,306,94,4,41
15061308,NA,NA,NA,57,46,323,54,44,117,29,8,313,NA,NA,NA,82,35,93,27,28,306,NA,NA,NA
15061943,NA,NA,NA,45,57,327,44,26,116,28,11,318,75,35,83,92,6,71,26,20,307,95,7,318
15061312,54,44,117,61,43,319,69,59,106,43,39,17,75,35,83,92,6,71,38,40,308,94,4,41
15061313,54,44,117,43,58,322,69,59,106,75,35,83,43,39,17,84,18,90,26,20,307,NA,NA,NA
15061314,54,44,117,57,46,323,76,75,107,43,33,10,NA,NA,NA,84,18,90,39,53,346,96,7,318
15061944,54,44,117,49,57,317,69,59,106,80,42,96,43,39,17,92,6,71,49,57,317,96,7,318
15062088,54,44,117,36,39,321,62,43,124,28,11,318,NA,NA,NA,92,6,71,26,20,307,94,4,41
15061317,54,44,117,92,6,71,66,48,118,43,33,10,75,35,83,84,26,94,33,26,314,94,4,41
15061318,54,44,117,36,55,329,54,44,117,30,11,328,NA,NA,NA,92,6,71,26,20,307,94,4,41
15061319,54,44,117,49,42,312,72,45,115,44,41,21,66,40,69,92,6,71,26,20,307,95,5,344
15061320,54,44,117,43,58,322,72,45,115,80,41,86,40,35,16,84,18,90,39,57,339,94,4,41
15061321,28,16,359,54,49,320,54,44,117,51,43,355,NA,NA,NA,84,18,90,26,20,307,95,7,318
15061323,54,44,117,43,58,322,54,44,117,74,37,74,42,36,346,92,6,71,33,26,314,96,7,318
15061324,54,44,117,NA,NA,NA,54,44,117,38,32,14,76,47,85,84,26,94,26,20,307,NA,NA,NA
15061327,54,44,117,63,40,326,54,44,117,41,37,12,80,42,96,92,6,71,26,20,307,96,7,318
15061329,28,16,359,36,39,321,54,44,117,28,11,318,80,42,96,82,35,93,27,28,306,94,4,41
15061330,54,44,117,43,58,322,62,43,124,40,35,16,NA,NA,NA,84,26,94,39,57,339,94,4,41
15061331,54,44,117,53,43,320,54,44,117,60,35,53,48,39,21,92,6,71,33,34,316,96,7,318
15061333,54,44,117,52,45,305,54,44,117,29,8,313,NA,NA,NA,84,18,90,27,28,306,96,7,318
15061334,54,44,117,45,57,327,66,48,118,38,32,14,76,47,85,84,26,94,54,49,320,96,7,318
15061335,54,44,117,36,39,321,66,48,118,75,35,83,42,36,346,84,18,90,27,28,306,96,7,318
15061336,54,44,117,43,58,322,54,44,117,29,23,333,80,42,96,84,18,90,26,20,307,94,4,41
15061337,54,44,117,49,57,317,54,44,117,30,28,345,NA,NA,NA,84,18,90,33,26,314,NA,NA,NA
15061338,28,16,359,54,49,320,66,48,118,29,8,313,75,35,83,92,6,71,26,20,307,96,7,318
15061340,28,16,359,54,49,320,54,44,117,43,39,17,75,35,83,84,18,90,27,28,306,96,7,318
15061342,54,44,117,42,39,319,69,59,106,35,29,17,80,42,96,84,18,90,27,28,306,96,7,318
15061344,54,44,117,54,49,320,71,50,115,42,36,346,NA,NA,NA,84,18,90,27,28,306,96,7,318
15061345,54,44,117,36,55,329,69,59,106,42,37,18,75,35,83,84,18,90,39,57,339,94,4,41
15061945,54,44,117,43,58,322,66,48,118,75,35,83,42,32,25,84,18,90,48,58,336,96,7,318
15061346,54,44,117,61,43,319,54,44,117,38,32,14,81,32,84,84,26,94,48,58,336,94,4,41
15061347,54,44,117,42,39,319,54,44,117,42,36,346,80,42,96,84,18,90,26,20,307,96,7,318
15061348,54,44,117,43,58,322,58,45,128,30,29,7,NA,NA,NA,84,18,90,26,20,307,96,7,318
15061349,54,44,117,61,43,319,58,45,128,81,32,84,44,32,328,84,18,90,33,26,314,96,7,318
15061350,54,44,117,63,40,326,58,45,128,42,37,18,75,35,83,82,35,93,48,58,336,94,4,41
15061352,54,44,117,36,55,329,66,48,118,76,47,85,42,36,346,84,26,94,94,4,41,43,58,322
15061353,54,44,117,36,55,329,54,44,117,35,29,17,NA,NA,NA,92,6,71,27,28,306,96,7,318
15061946,28,16,359,48,40,314,54,44,117,27,22,344,79,36,83,92,6,71,26,20,307,96,7,318
15062091,54,44,117,49,57,317,54,44,117,27,19,5,80,42,96,84,18,90,26,20,307,NA,NA,NA
15061355,28,16,359,36,55,329,54,44,117,27,19,5,80,41,86,84,18,90,26,20,307,94,4,41
15062092,54,44,117,48,40,314,53,38,132,35,29,17,28,11,318,92,6,71,27,28,306,94,4,41
15061356,54,44,117,61,43,319,54,44,117,60,35,53,50,26,342,92,6,88,54,49,320,96,7,318
15061357,28,16,359,43,58,322,54,44,117,29,8,313,75,35,83,84,18,90,26,20,307,94,4,41
15061358,54,44,117,48,40,314,53,38,132,80,41,86,42,36,346,84,18,90,27,28,306,96,7,318
15061359,54,44,117,43,58,312,53,38,132,38,32,14,80,42,96,84,26,94,26,20,307,95,7,318
15061360,54,44,117,36,55,329,54,44,117,29,23,333,NA,NA,NA,84,18,90,26,20,307,94,4,41
15061361,54,44,117,43,58,322,54,44,117,34,28,21,NA,NA,NA,84,18,90,26,20,307,96,7,318
15062094,NA,NA,NA,41,58,318,69,59,106,29,8,313,80,41,86,92,3,32,33,26,314,96,7,318
15061364,54,44,117,43,58,322,76,75,107,30,29,7,80,41,86,84,18,90,33,26,314,95,5,344
15061365,54,44,117,61,43,319,54,44,117,38,32,14,75,35,83,84,18,90,42,39,319,96,7,318
15061367,54,44,117,54,49,320,NA,NA,NA,35,29,17,75,35,83,92,6,71,42,39,319,94,4,41
15061948,54,44,117,61,43,319,54,44,117,57,56,45,75,35,83,84,18,90,57,46,323,96,7,318
15061368,54,44,117,52,45,305,69,59,106,53,24,40,28,16,359,84,26,94,26,20,307,96,7,318
15062347,54,44,117,52,45,305,69,59,106,28,16,359,74,37,74,84,18,90,26,20,307,94,4,41
15061369,54,44,117,52,45,305,66,48,118,47,20,338,60,32,41,92,6,71,26,20,307,96,7,318
15062097,54,44,117,43,58,322,54,44,117,40,28,27,80,41,86,84,18,90,26,20,307,96,7,318
15061370,54,44,117,36,55,329,54,44,117,41,37,12,80,41,86,84,18,90,48,58,336,96,7,318
15062348,54,44,117,54,49,320,54,44,117,35,29,17,76,47,85,84,26,94,53,43,320,94,4,41
15062349,54,44,117,42,39,319,53,38,132,28,11,318,76,47,85,84,18,90,27,28,306,96,7,318
15062350,54,44,117,54,49,320,54,44,117,30,16,3,75,35,83,84,26,94,38,40,308,96,7,318
15061949,54,44,117,41,42,316,54,44,117,29,8,313,76,47,85,92,6,71,26,20,307,94,4,41
15062351,28,16,359,41,42,316,69,59,106,27,22,344,75,35,83,84,18,90,26,20,307,96,7,318
15062098,54,44,117,54,49,320,66,48,118,39,28,22,76,47,85,84,18,90,48,58,336,94,4,41
15061376,54,44,117,36,55,329,54,44,117,38,32,14,75,35,83,84,26,94,48,58,336,96,7,318
15061377,54,44,117,52,45,305,54,44,117,76,47,85,42,37,18,84,26,94,48,58,336,94,4,41
15061378,54,44,117,49,57,317,54,44,117,76,47,85,50,26,342,84,18,90,43,40,309,96,7,318
15061380,28,16,359,43,58,322,54,44,117,42,37,18,76,47,85,84,18,90,26,20,307,NA,NA,NA
15061382,54,44,117,33,58,312,50,28,115,50,26,342,NA,NA,NA,92,6,71,58,45,310,96,7,318
15061383,28,16,359,49,57,317,50,28,115,35,29,17,NA,NA,NA,84,18,90,26,20,307,96,7,318
15061384,28,16,359,43,58,322,54,44,117,30,11,328,80,41,86,92,6,71,27,28,306,96,7,318
15061385,28,16,359,54,49,320,54,44,117,30,11,328,80,41,86,92,6,71,26,20,307,94,4,41
15061386,54,44,117,43,40,309,66,48,118,28,16,359,NA,NA,NA,84,18,90,26,20,307,96,7,318
15061388,54,44,117,61,43,319,58,45,128,35,29,17,82,26,80,92,6,71,57,53,344,94,4,41
15061389,28,16,359,45,57,327,66,48,118,30,11,328,76,47,85,84,18,90,48,45,302,94,4,41
15061390,28,16,359,45,57,327,54,44,117,30,11,328,80,41,86,84,18,90,26,20,307,94,4,41
15061391,28,16,359,36,55,329,54,44,117,28,16,359,80,41,86,84,18,90,94,4,41,33,34,316
15061392,54,44,117,52,45,305,54,44,117,45,25,28,42,36,346,84,26,94,43,40,309,96,7,318
15061393,54,44,117,43,40,309,50,28,115,41,37,12,NA,NA,NA,84,18,90,26,20,307,NA,NA,NA
15061394,54,44,117,92,6,71,66,48,118,50,26,342,NA,NA,NA,84,26,94,26,20,307,96,7,318
15061396,28,16,359,43,58,312,66,48,118,29,8,313,80,41,86,92,6,71,26,20,307,94,4,41
15061397,54,44,117,92,6,71,53,38,132,50,26,342,74,37,74,84,26,94,58,42,304,96,7,318
15062353,54,44,117,45,57,327,58,45,128,76,47,85,39,28,22,84,18,90,44,53,341,94,4,41
15061400,54,44,117,45,57,327,69,59,106,79,36,83,41,37,12,84,18,90,48,58,336,96,7,318
15061401,54,44,117,43,58,322,66,48,118,28,16,359,NA,NA,NA,84,18,90,33,26,314,95,5,344
15062099,54,44,117,45,57,327,54,44,117,27,22,344,NA,NA,NA,84,26,94,38,40,308,94,4,41
15062100,54,44,117,59,48,315,54,44,117,80,42,96,48,39,21,92,6,71,52,55,328,94,4,41
15062101,28,16,359,43,40,309,66,48,118,41,37,12,NA,NA,NA,84,18,90,26,20,307,NA,NA,NA
15062102,54,44,117,92,6,71,58,45,128,79,36,83,60,32,41,92,6,71,54,49,320,94,4,41
15061404,NA,NA,NA,36,55,329,66,48,118,30,11,328,82,35,93,84,18,90,26,20,307,35,41,347
15061405,54,44,117,58,45,310,50,28,115,42,36,346,NA,NA,NA,92,6,71,26,20,307,94,4,41
15061406,54,44,117,43,58,322,54,44,117,34,28,21,81,32,84,84,18,90,26,20,307,96,7,318
15061410,54,44,117,36,55,329,54,44,117,42,37,18,81,32,84,92,6,71,36,47,352,NA,NA,NA
15061411,54,44,117,42,39,319,50,28,115,50,26,342,82,35,93,94,4,41,26,20,307,94,4,41
15061413,28,16,359,61,43,319,71,50,115,29,8,313,76,47,85,84,18,90,26,20,307,94,4,41
15062103,54,44,117,36,55,329,53,38,132,76,47,85,27,22,344,84,26,94,41,42,316,94,4,41
15061414,28,16,359,61,43,319,66,48,118,76,47,85,27,19,5,84,18,90,36,39,321,94,4,41
15062104,54,44,117,33,58,312,58,45,128,79,36,83,NA,NA,NA,84,18,90,26,20,307,94,4,41
15062105,28,16,359,42,39,319,54,44,117,30,16,3,80,42,96,92,3,32,26,20,307,94,4,41
15061415,54,44,117,41,58,318,53,38,132,42,37,18,NA,NA,NA,84,18,90,39,57,339,96,7,318
15062106,NA,NA,NA,36,55,329,54,44,117,30,11,328,NA,NA,NA,84,18,90,26,20,307,35,41,347
15061416,54,44,117,61,43,319,54,44,117,35,29,17,80,42,96,92,3,32,26,20,307,96,7,318
15061417,28,16,359,57,46,323,58,45,128,29,8,313,76,47,85,84,24,85,31,33,324,95,5,344
15061418,28,16,359,57,46,323,66,48,118,76,47,85,30,16,3,92,6,71,31,33,324,94,4,41
15061419,28,16,359,41,58,318,54,44,117,29,8,313,80,42,96,92,3,32,26,20,307,94,4,41
15061420,54,44,117,36,39,321,54,44,117,76,47,85,30,16,3,92,6,71,49,42,312,96,7,318
15061421,54,44,117,65,35,303,66,48,118,34,28,21,75,35,83,84,18,90,26,20,307,96,7,318
15062366,54,44,117,53,43,320,66,48,118,30,28,345,75,35,83,92,3,32,33,26,314,94,4,41
15062107,54,44,117,42,39,319,53,38,132,50,26,342,79,36,83,92,3,32,33,26,314,94,4,41
15062108,28,16,359,53,43,320,54,44,117,29,8,313,80,41,86,92,6,71,33,26,314,94,4,41
15061422,54,44,117,52,55,328,54,44,117,30,16,3,80,41,86,92,6,71,39,53,346,94,4,41
15061423,54,44,117,54,49,320,54,44,117,35,29,17,80,41,86,92,6,71,31,33,324,94,4,41
15061424,28,16,359,57,46,323,54,44,117,30,16,3,80,42,96,84,26,94,65,35,303,96,7,318
15061425,54,44,117,54,49,320,54,44,117,38,32,14,80,42,96,84,18,90,48,58,336,96,7,318
15062109,54,44,117,43,58,322,71,50,115,39,28,22,76,47,85,84,18,90,56,48,332,94,4,41
15062110,28,16,359,54,49,320,50,28,115,39,28,22,NA,NA,NA,84,18,90,39,53,346,94,4,41
15062111,28,16,359,43,58,322,53,38,132,62,33,349,NA,NA,NA,84,26,94,26,20,307,96,7,318
15062112,28,16,359,43,58,322,69,59,106,45,42,0,80,41,86,92,3,32,26,20,307,94,4,41
15061428,54,44,117,54,49,320,66,48,118,38,32,14,80,42,96,84,18,90,48,58,336,94,4,41
15062354,54,44,117,54,49,320,76,75,107,75,35,83,39,28,22,84,26,94,39,57,339,94,4,41
15061951,54,44,117,61,43,319,69,59,106,42,37,18,80,41,86,84,18,90,48,58,336,94,4,41
15061430,54,44,117,41,60,332,54,44,117,42,37,18,76,47,85,84,18,90,39,57,339,94,4,41
15061434,28,16,359,54,49,320,44,26,116,35,29,17,NA,NA,NA,84,18,90,39,53,346,96,7,318
15061435,28,16,359,43,58,322,54,44,117,41,37,12,45,42,0,84,18,90,75,26,302,NA,NA,NA
15061436,54,44,117,57,46,323,50,28,115,76,47,85,NA,NA,NA,92,6,71,43,40,309,94,4,41
15062114,28,16,359,43,58,322,71,50,115,76,47,85,29,8,313,84,18,90,54,39,308,96,7,318
15061952,28,16,359,36,39,321,66,48,118,34,28,21,80,41,86,84,18,90,33,26,314,94,4,41
15062115,28,16,359,54,49,320,66,48,118,80,42,96,29,8,313,84,18,90,49,42,312,94,4,41
15061437,54,44,117,36,39,321,71,50,115,80,42,96,50,26,342,92,6,71,33,26,314,NA,NA,NA
15061438,NA,NA,NA,57,46,323,54,44,117,29,8,313,81,32,84,92,6,71,33,26,314,48,58,336
15061439,54,44,117,36,39,321,54,44,117,76,47,85,28,16,359,84,18,90,27,28,306,94,4,41
15061441,28,16,359,42,39,319,66,48,118,80,42,96,29,8,313,84,18,90,65,35,303,96,7,318
15061442,54,44,117,31,33,324,66,48,118,47,20,338,82,35,93,92,6,71,38,40,308,94,4,41
15061443,54,44,117,53,43,320,71,50,115,76,47,85,43,39,17,84,18,90,57,53,344,94,4,41
15062367,28,16,359,41,58,318,71,50,115,75,35,83,29,8,313,84,18,90,33,26,314,94,4,41
15061444,54,44,117,36,55,329,62,43,124,27,19,5,NA,NA,NA,92,6,71,26,20,307,94,4,41
15061445,NA,NA,NA,42,39,319,54,44,117,80,42,96,45,42,0,84,18,90,38,40,308,94,4,41
15061953,NA,NA,NA,43,58,322,69,59,106,28,16,359,80,41,86,92,6,71,26,20,307,94,4,41
15061447,54,44,117,57,46,323,53,38,132,34,28,21,80,42,96,92,6,71,30,28,345,94,4,41
15061449,54,44,117,58,45,310,NA,NA,NA,51,43,355,80,42,96,84,18,90,26,20,307,96,7,318
15061453,28,16,359,43,58,322,50,28,115,29,8,313,80,42,96,84,18,90,43,40,309,94,4,41
15061454,54,44,117,43,58,312,54,44,117,27,19,5,80,42,96,84,18,90,38,40,308,94,4,41
15062117,54,44,117,43,58,322,66,48,118,38,32,14,84,24,85,84,18,90,39,57,339,96,7,318
15062118,54,44,117,59,48,315,66,48,118,38,32,14,75,35,83,84,18,90,39,57,339,94,4,41
15061458,54,44,117,67,41,314,66,48,118,48,39,21,76,47,85,84,26,94,48,58,336,96,7,318
15061459,NA,NA,NA,49,57,317,50,28,115,29,8,313,80,42,96,92,6,71,33,26,314,NA,NA,NA
15061461,54,44,117,58,45,310,69,59,106,80,42,96,38,32,14,84,26,94,48,58,336,96,7,318
15062368,54,44,117,49,57,317,69,59,106,39,28,22,76,47,85,84,26,94,48,58,336,96,7,318
15062119,28,16,359,43,58,312,66,48,118,29,8,313,75,35,83,92,6,71,26,20,307,94,4,41
15061462,54,44,117,43,40,309,72,45,115,76,47,85,27,22,344,88,10,96,48,45,302,96,7,318
15061954,54,44,117,54,49,320,53,38,132,40,35,16,80,41,86,84,18,90,39,57,339,94,4,41
15061463,54,44,117,61,43,319,54,44,117,28,16,359,80,42,96,88,10,96,33,26,314,94,4,41
15061469,54,44,117,49,57,317,58,32,112,42,36,346,NA,NA,NA,88,10,96,43,40,309,94,4,41
15061470,54,44,117,61,43,319,66,48,118,50,26,342,84,22,70,92,6,71,31,33,324,94,4,41
15061471,49,21,132,59,48,315,54,44,117,42,36,346,81,32,84,92,6,71,33,26,314,96,7,318
15061475,54,44,117,70,31,304,71,50,115,35,29,17,80,42,96,84,18,90,26,20,307,NA,NA,NA
15061476,28,16,359,49,42,312,71,50,115,27,22,344,80,42,96,92,6,71,33,26,314,94,4,41
15061477,54,44,117,43,58,312,72,45,115,29,8,313,84,24,85,92,6,71,26,20,307,NA,NA,NA
15061478,28,16,359,61,43,319,54,44,117,29,8,313,80,42,96,88,10,96,26,20,307,94,4,41
15061479,54,44,117,43,58,322,66,48,118,34,28,21,80,42,96,88,10,96,35,41,347,94,4,41
15061480,28,16,359,52,55,328,54,44,117,45,42,0,80,42,96,84,26,94,43,40,309,96,7,318
15061481,54,44,117,43,58,322,54,44,117,76,47,85,45,25,28,92,6,71,26,20,307,NA,NA,NA
15061482,54,44,117,41,60,332,NA,NA,NA,80,42,96,50,29,17,92,6,71,36,47,352,94,4,41
15061484,45,19,134,42,39,319,72,45,115,40,35,16,NA,NA,NA,84,26,94,26,20,307,NA,NA,NA
15061485,54,44,117,38,40,308,NA,NA,NA,80,42,96,54,37,17,84,18,90,36,47,352,94,4,41
15061486,NA,NA,NA,58,45,310,54,44,117,29,8,313,NA,NA,NA,92,6,88,33,26,314,96,7,318
15061487,NA,NA,NA,42,39,319,53,38,132,30,16,3,80,42,96,92,6,71,26,20,307,96,7,318
15061488,28,16,359,43,58,322,54,44,117,30,11,328,75,35,83,92,6,71,38,40,308,94,4,41
15061489,28,16,359,36,55,329,66,48,118,30,16,3,75,35,83,84,18,90,33,26,314,94,4,41
15061490,28,16,359,43,58,322,66,48,118,30,16,3,80,42,96,84,26,94,48,58,336,94,4,41
15062122,NA,NA,NA,31,33,324,66,48,118,29,8,313,NA,NA,NA,92,6,71,26,20,307,95,7,318
15061491,28,16,359,43,58,322,69,59,106,30,11,328,80,41,86,84,18,90,48,58,336,95,7,318
15061492,NA,NA,NA,61,43,319,54,44,117,30,11,328,80,41,86,82,35,93,41,42,316,94,4,41
15061493,54,44,117,43,58,312,54,44,117,30,29,7,80,41,86,84,26,94,33,26,314,95,7,318
15061494,28,16,359,43,58,322,54,44,117,29,8,313,30,29,7,92,6,71,33,26,314,NA,NA,NA
15061495,28,16,359,43,40,309,72,45,115,30,29,7,80,41,86,84,18,90,26,20,307,96,7,318
15061496,28,16,359,33,58,312,54,44,117,39,28,22,80,41,86,92,6,71,33,26,314,96,7,318
15061498,NA,NA,NA,33,34,316,54,44,117,29,8,313,80,41,86,84,18,90,33,26,314,96,7,318
15062123,54,44,117,58,45,310,54,44,117,75,35,83,42,37,18,92,6,71,26,20,307,NA,NA,NA
15061499,54,44,117,66,36,309,69,59,106,80,41,86,43,39,17,84,18,90,33,26,314,96,7,318
15061500,54,44,117,36,55,329,50,28,115,80,42,96,43,39,17,92,3,32,52,55,328,94,4,41
15061501,28,16,359,43,58,322,50,28,115,69,36,65,42,32,25,92,6,71,41,60,332,96,7,318
15061503,54,44,117,58,45,310,66,48,118,50,26,342,82,35,93,84,26,94,84,16,308,96,7,318
15061504,45,19,134,54,49,320,54,44,117,50,26,342,82,35,93,92,6,71,54,39,308,95,7,318
15061505,49,21,132,36,55,329,66,48,118,43,39,17,NA,NA,NA,84,26,94,39,57,339,NA,NA,NA
15061507,54,44,117,36,55,329,69,59,106,38,32,14,80,42,96,92,6,71,43,40,309,94,4,41
15061508,28,16,359,36,55,329,66,48,118,80,42,96,35,29,17,92,6,71,43,40,309,94,4,41
15061509,54,44,117,92,6,71,66,48,118,30,11,328,NA,NA,NA,84,18,90,33,26,314,94,4,41
15061511,54,44,117,92,6,71,50,28,115,29,8,313,NA,NA,NA,92,6,71,26,20,307,94,4,41
15061514,54,44,117,66,36,309,66,48,118,42,37,18,80,41,86,84,18,90,26,20,307,96,7,318
15062124,45,19,134,92,6,71,69,59,106,28,11,318,NA,NA,NA,84,18,90,33,26,314,96,7,318
15061515,45,19,134,92,6,71,58,32,112,35,29,17,73,31,53,84,18,90,33,26,314,96,7,318
15061516,28,16,359,41,60,332,66,48,118,38,32,14,NA,NA,NA,94,5,52,36,47,352,95,5,344
15061517,42,17,138,43,58,322,54,44,117,30,29,7,80,42,96,84,18,90,70,31,304,96,7,318
15061518,54,44,117,43,58,322,66,48,118,30,29,7,80,41,86,92,6,71,59,40,305,94,4,41
15061520,54,44,117,43,58,322,50,28,115,39,28,22,80,41,86,82,35,93,43,38,334,94,4,41
15061521,28,16,359,61,43,319,66,48,118,35,29,17,80,41,86,82,35,93,NA,NA,NA,96,7,318
15061522,28,16,359,43,58,322,66,48,118,76,47,85,38,32,14,92,6,71,26,20,307,NA,NA,NA
15061523,28,16,359,43,58,322,72,45,115,30,16,3,80,42,96,92,6,71,26,20,307,94,4,41
15061524,28,16,359,61,43,319,62,43,124,30,11,328,37,42,3,92,6,71,33,26,314,NA,NA,NA
15061525,54,44,117,31,33,324,72,45,115,42,36,346,80,42,96,92,6,71,49,42,312,96,7,318
15061526,28,16,359,49,42,312,54,44,117,27,19,5,75,35,83,84,26,94,75,26,302,NA,NA,NA
15061527,28,16,359,59,48,315,50,28,115,27,19,5,NA,NA,NA,84,18,90,43,58,312,95,5,344
15061528,NA,NA,NA,43,58,322,66,48,118,38,32,14,30,16,3,84,18,90,26,20,307,NA,NA,NA
15061529,54,44,117,92,6,71,66,48,118,30,11,328,NA,NA,NA,84,18,90,33,26,314,96,7,318
15061530,54,44,117,36,39,321,66,48,118,30,16,3,74,37,74,92,6,71,48,45,302,94,4,41
15061533,54,44,117,26,52,310,53,38,132,28,16,359,80,41,86,92,6,71,33,26,314,96,7,318
15061534,54,44,117,54,49,320,50,28,115,28,11,318,NA,NA,NA,80,42,96,38,40,308,NA,NA,NA
15061535,28,16,359,49,57,317,54,44,117,34,28,21,80,41,86,84,18,90,26,20,307,96,7,318
15061536,28,16,359,36,55,329,69,59,106,29,8,313,80,41,86,92,6,71,26,20,307,96,7,318
15061537,54,44,117,92,6,71,71,50,115,50,29,17,82,30,83,84,26,94,54,39,308,94,4,41
15062126,28,16,359,48,40,314,69,59,106,30,11,328,79,36,83,84,18,90,26,20,307,96,7,318
15061538,28,16,359,42,39,319,NA,NA,NA,30,11,328,76,47,85,92,6,71,54,39,308,94,4,41
15061539,54,44,117,43,58,322,54,44,117,75,35,83,27,22,344,84,18,90,43,40,309,96,7,318
15061540,54,44,117,43,58,322,72,45,115,80,41,86,42,32,25,84,18,90,26,20,307,NA,NA,NA
15061542,54,44,117,57,46,323,50,28,115,27,19,5,80,41,86,84,18,90,49,57,317,95,7,318
15061543,54,44,117,45,57,327,66,48,118,38,32,14,80,41,86,84,18,90,33,26,314,94,4,41
15061544,28,16,359,66,36,324,50,28,115,27,19,5,76,47,85,92,3,32,33,26,314,94,4,41
15061546,28,16,359,45,57,327,54,44,117,29,8,313,80,41,86,92,6,71,33,26,314,96,7,318
15061548,54,44,117,36,55,329,54,44,117,30,29,7,NA,NA,NA,84,26,94,45,57,327,96,7,318
15061549,49,21,132,36,55,329,53,38,132,30,11,328,81,32,84,84,18,90,26,20,307,94,4,41
15061550,28,16,359,67,41,314,54,44,117,27,19,5,80,42,96,84,26,94,33,26,314,96,7,318
15061551,54,44,117,45,57,327,NA,NA,NA,80,41,86,50,29,17,92,6,71,48,58,336,94,4,41
15061552,54,44,117,66,36,324,54,44,117,35,29,17,NA,NA,NA,84,26,94,39,57,339,96,7,318
15061553,54,44,117,75,26,302,54,44,117,41,37,12,NA,NA,NA,84,18,90,33,26,314,96,7,318
15061554,42,17,138,61,43,319,54,44,117,74,37,74,42,36,346,82,35,93,41,42,316,96,7,318
15061555,42,17,138,65,35,303,54,44,117,48,39,21,82,35,93,84,18,90,26,20,307,96,7,318
15061556,54,44,117,43,58,322,54,44,117,80,42,96,64,28,15,92,6,71,59,48,315,94,4,41
15061956,28,16,359,61,43,319,54,44,117,34,28,21,NA,NA,NA,84,26,94,33,26,314,94,4,41
15061957,54,44,117,67,41,314,50,28,115,38,32,14,NA,NA,NA,92,6,71,43,58,322,96,7,318
15061557,54,44,117,59,48,315,50,28,115,40,35,16,80,42,96,84,18,90,26,20,307,NA,NA,NA
15061560,54,44,117,61,43,319,66,48,118,40,35,16,54,32,41,84,18,90,33,26,314,96,7,318
15061561,54,44,117,43,58,322,54,44,117,80,42,96,42,36,346,84,18,90,66,40,333,94,4,41
15061563,54,44,117,43,58,312,54,44,117,76,47,85,27,19,5,84,18,90,26,20,307,94,4,41
15061564,54,44,117,61,43,319,53,38,132,57,56,45,80,42,96,92,6,71,36,55,329,94,4,41
15061565,42,17,138,54,49,320,44,26,116,40,35,16,82,26,80,84,26,94,48,58,336,96,7,318
15061566,28,16,359,49,57,317,50,28,115,29,8,313,80,42,96,92,6,71,33,26,314,94,4,41
15061567,54,44,117,63,40,326,66,48,118,76,47,85,45,25,28,84,26,94,39,57,339,94,4,41
15061568,54,44,117,43,58,322,54,44,117,80,42,96,42,37,18,84,18,90,54,49,320,94,4,41
15061571,54,44,117,61,43,319,69,59,106,41,37,12,80,28,67,92,6,71,45,57,327,96,7,318
15061958,54,44,117,67,36,319,77,39,117,76,47,85,43,39,17,84,18,90,48,58,336,94,4,41
15061575,49,21,132,41,42,316,66,48,118,39,46,9,NA,NA,NA,84,18,90,26,20,307,NA,NA,NA
15062130,54,44,117,48,41,320,69,59,106,40,35,16,75,35,83,92,6,71,36,47,352,96,7,318
15061576,49,21,132,67,41,314,54,44,117,82,35,93,42,36,346,84,18,90,33,26,314,94,4,41
15061577,54,44,117,43,58,322,54,44,117,30,11,328,76,47,85,84,26,94,26,20,307,94,4,41
15061578,NA,NA,NA,61,43,319,54,44,117,30,16,3,79,36,83,92,6,71,36,55,329,94,4,41
15061579,28,16,359,43,58,322,72,45,115,30,16,3,80,42,96,92,6,71,33,26,314,94,4,41
15062356,42,17,138,59,48,315,62,43,124,29,8,313,NA,NA,NA,84,26,94,26,20,307,96,7,318
15061580,42,17,138,59,40,305,66,48,118,27,19,5,80,42,96,84,18,90,26,20,307,94,4,41
15061583,54,44,117,59,48,315,54,44,117,50,26,342,84,18,90,92,6,71,54,39,308,96,7,318
15061584,54,44,117,43,58,322,66,48,118,48,39,21,80,41,86,92,6,71,45,57,327,94,4,41
15061585,49,21,132,66,36,324,NA,NA,NA,28,16,359,84,24,85,92,3,32,33,26,314,94,4,41
15061586,54,44,117,67,36,319,66,48,118,80,42,96,54,37,17,92,3,32,46,66,344,95,5,344
15061588,42,17,138,42,39,319,54,44,117,35,29,17,79,36,83,84,18,90,26,20,307,94,4,41
15062133,NA,NA,NA,43,58,322,54,44,117,35,29,17,NA,NA,NA,92,6,71,26,20,307,NA,NA,NA
15061600,54,44,117,63,40,326,54,44,117,35,29,17,81,32,84,84,18,90,61,43,319,96,7,318
15061601,28,16,359,33,34,316,44,26,116,89,8,95,51,43,355,84,26,94,26,20,307,96,7,318
15061602,54,44,117,66,36,309,53,38,132,40,35,16,NA,NA,NA,84,26,94,33,34,316,96,7,318
15061603,NA,NA,NA,42,39,319,66,48,118,29,8,313,80,42,96,92,3,32,27,28,306,96,7,318
15061604,54,44,117,49,42,312,58,45,128,34,34,8,NA,NA,NA,84,18,90,44,54,353,NA,NA,NA
15061605,54,44,117,61,43,319,66,48,118,80,42,96,51,43,355,89,8,95,54,49,320,96,7,318
15061608,54,44,117,56,48,332,53,38,132,84,26,94,45,42,0,84,26,94,31,33,324,94,4,41
15061609,NA,NA,NA,43,58,322,54,44,117,27,19,5,80,42,96,92,6,71,26,20,307,96,7,318
15061610,42,17,138,36,39,321,66,48,118,28,16,359,80,42,96,92,6,71,26,20,307,94,4,41
15061612,28,16,359,43,58,322,54,44,117,80,41,86,31,33,324,92,6,71,33,26,314,95,7,318
15061613,54,44,117,54,49,320,58,45,128,43,33,10,86,20,78,94,4,41,33,26,314,96,7,318
15061960,NA,NA,NA,52,45,305,54,44,117,29,8,313,NA,NA,NA,84,18,90,26,20,307,94,4,41
15061614,54,44,117,54,49,320,54,44,117,39,28,22,82,30,83,92,6,71,31,33,324,96,7,318
15061961,NA,NA,NA,42,39,319,69,59,106,27,19,5,80,41,86,92,6,71,26,20,307,96,7,318
15062136,NA,NA,NA,36,55,329,NA,NA,NA,30,29,7,NA,NA,NA,82,35,93,33,26,314,39,53,346
15062137,NA,NA,NA,43,58,322,54,44,117,30,16,3,80,41,86,92,6,71,36,55,329,94,4,41
15061619,28,16,359,43,58,322,53,38,132,28,11,318,80,41,86,84,18,90,39,53,346,96,7,318
15061621,54,44,117,39,57,339,69,59,106,38,32,14,NA,NA,NA,84,26,94,37,43,331,94,4,41
15061622,54,44,117,52,45,305,54,44,117,76,47,85,28,16,359,84,18,90,26,20,307,96,7,318
15061623,54,44,117,38,40,308,66,48,118,42,32,25,80,42,96,92,6,71,26,20,307,96,7,318
15061624,NA,NA,NA,38,40,308,54,44,117,43,39,17,80,42,96,92,6,71,36,55,329,94,4,41
15062138,28,16,359,43,58,322,69,59,106,29,8,313,75,35,83,92,3,32,27,28,306,94,4,41
15061626,28,16,359,36,39,321,54,44,117,29,8,313,80,42,96,92,6,71,26,20,307,96,7,318
15061627,54,44,117,66,36,309,76,75,107,60,32,41,30,28,345,92,6,71,54,49,320,96,7,318
15061628,54,44,117,92,6,71,69,59,106,79,36,83,32,30,328,84,18,90,38,40,308,96,7,318
15061629,28,16,359,61,43,319,76,75,107,80,41,86,39,28,22,92,6,71,26,20,307,96,7,318
15061630,28,16,359,41,58,318,62,43,124,28,11,318,NA,NA,NA,80,42,96,26,20,307,96,7,318
15061631,28,16,359,43,58,322,66,48,118,28,11,318,76,47,85,92,6,71,27,28,306,94,4,41
15061632,54,44,117,43,58,322,54,44,117,35,29,17,NA,NA,NA,92,6,71,44,54,353,96,7,318
15062139,54,44,117,42,39,319,54,44,117,30,29,7,76,47,85,92,6,71,48,58,336,NA,NA,NA
15061633,28,16,359,49,57,317,54,44,117,79,36,83,79,36,83,92,6,71,43,40,309,94,4,41
15061962,54,44,117,54,49,320,54,44,117,75,35,83,50,29,17,92,6,71,52,55,328,94,4,41
15061637,53,38,132,43,58,322,69,59,106,75,35,83,43,33,10,84,18,90,26,20,307,96,7,318
15061638,54,44,117,54,39,308,54,44,117,75,35,83,43,33,10,84,26,94,33,26,314,96,7,318
15061639,49,21,132,61,43,319,54,44,117,30,28,345,84,18,90,92,6,71,43,58,322,96,7,318
15061640,28,16,359,38,40,308,54,44,117,29,8,313,81,32,84,84,18,90,26,20,307,96,7,318
15061641,54,44,117,54,49,320,54,44,117,30,28,345,82,35,93,94,5,52,59,48,315,96,7,318
15061642,54,44,117,54,49,320,54,44,117,45,25,28,42,36,346,84,18,90,26,20,307,94,4,41
15061645,NA,NA,NA,54,49,320,69,59,106,29,8,313,80,41,86,84,18,90,27,28,306,96,7,318
15061963,NA,NA,NA,43,58,322,58,45,128,28,11,318,80,41,86,92,6,71,43,38,334,NA,NA,NA
15061646,54,44,117,92,6,71,54,44,117,50,29,17,82,26,80,84,26,94,26,20,307,96,7,318
15061647,54,44,117,52,45,305,54,44,117,76,47,85,30,28,345,92,6,71,27,28,306,94,4,41
15061648,53,38,132,43,58,322,66,48,118,28,11,318,74,37,74,84,18,90,26,20,307,NA,NA,NA
15061649,54,44,117,54,39,308,58,45,128,30,28,345,75,35,83,84,18,90,33,26,314,96,7,318
15061650,54,44,117,52,45,305,66,48,118,80,42,96,NA,NA,NA,82,35,93,33,26,314,94,4,41
15061651,58,45,128,43,58,322,69,59,106,30,28,345,75,35,83,92,6,71,33,26,314,94,4,41
15061653,54,44,117,52,55,328,54,44,117,75,35,83,43,39,17,84,26,94,48,58,336,96,7,318
15061654,54,44,117,43,58,322,54,44,117,50,26,342,80,28,67,92,6,71,33,26,314,94,4,41
15061655,54,44,117,66,36,309,66,48,118,76,47,85,NA,NA,NA,84,18,90,36,55,329,94,4,41
15061656,53,38,132,66,36,309,58,45,128,42,36,346,82,26,80,92,6,71,41,42,316,95,5,344
15061658,53,38,132,59,48,315,54,44,117,42,36,346,81,32,84,92,6,71,33,26,314,96,7,318
15061659,49,21,132,43,58,322,54,44,117,42,36,346,80,41,86,92,6,71,42,39,319,96,7,318
15061661,54,44,117,67,36,319,53,38,132,42,36,346,80,41,86,92,3,32,38,40,308,96,7,318
15061662,28,16,359,49,42,312,NA,NA,NA,28,16,359,80,42,96,92,3,32,33,26,314,94,4,41
15062357,28,16,359,43,58,322,66,48,118,30,16,3,80,41,86,92,3,32,26,20,307,94,4,41
15062142,54,44,117,43,58,322,69,59,106,80,41,86,43,39,17,92,6,71,45,57,327,94,4,41
15061665,54,44,117,43,58,322,54,44,117,74,37,74,43,39,17,84,18,90,57,46,323,NA,NA,NA
15061666,28,16,359,36,55,329,66,48,118,79,36,83,28,11,318,92,6,71,33,34,316,94,4,41
15061668,54,44,117,49,57,317,69,59,106,75,35,83,38,32,14,84,18,90,39,57,339,96,7,318
15062143,28,16,359,43,58,312,54,44,117,38,32,14,NA,NA,NA,84,18,90,26,20,307,94,4,41
15061667,28,16,359,58,45,310,62,43,124,39,28,22,NA,NA,NA,84,18,90,26,20,307,NA,NA,NA
15061669,54,44,117,52,55,328,58,32,112,76,47,85,42,37,18,92,6,71,48,58,336,96,7,318
15061670,54,44,117,36,55,329,53,38,132,38,32,14,NA,NA,NA,92,6,71,36,55,329,94,4,41
15061671,54,44,117,52,55,328,54,44,117,34,28,21,NA,NA,NA,84,26,94,39,57,339,96,7,318
15061673,28,16,359,54,49,320,50,28,115,37,42,3,NA,NA,NA,92,6,71,45,57,327,96,7,318
15061676,54,44,117,41,42,316,58,45,128,38,32,14,79,36,83,84,18,90,33,26,314,96,7,318
15061677,NA,NA,NA,52,55,328,54,44,117,30,11,328,79,36,83,92,6,71,33,26,314,96,7,318
15061678,NA,NA,NA,36,55,329,69,59,106,30,11,328,75,35,83,84,18,90,33,26,314,NA,NA,NA
15061679,28,16,359,36,55,329,76,75,107,35,29,17,NA,NA,NA,84,18,90,26,20,307,NA,NA,NA
15061680,49,21,132,36,55,329,66,48,118,34,28,21,84,26,94,92,6,71,36,55,329,95,5,344
15061682,49,21,132,59,40,305,71,50,115,75,35,83,41,37,12,84,18,90,26,20,307,94,4,41
15061683,28,16,359,43,58,322,68,61,115,40,35,16,NA,NA,NA,92,6,71,33,26,314,96,7,318
15061684,54,44,117,67,41,314,50,28,115,39,28,22,60,32,41,92,6,71,27,28,306,96,7,318
15061685,49,21,132,54,49,320,71,50,115,38,32,14,NA,NA,NA,84,26,94,27,28,306,96,7,318
15061686,49,21,132,36,55,329,69,59,106,30,16,3,75,35,83,84,18,90,26,20,307,94,4,41
15061687,54,44,117,43,58,322,54,44,117,29,8,313,50,29,17,92,6,71,38,40,308,96,7,318
15061702,NA,NA,NA,NA,NA,NA,50,28,115,45,42,0,79,36,83,84,18,90,27,28,306,96,7,318
15061688,54,44,117,43,58,322,54,44,117,27,19,5,75,35,83,84,18,90,28,35,303,95,7,318
15062144,28,16,359,54,49,320,58,45,128,30,16,3,80,42,96,84,18,90,28,35,303,96,7,318
15061689,NA,NA,NA,36,55,329,69,59,106,28,11,318,79,36,83,84,18,90,36,47,352,96,7,318
15061690,NA,NA,NA,36,55,329,54,44,117,29,8,313,79,36,83,84,18,90,33,26,314,94,4,41
15062145,28,16,359,43,58,322,54,44,117,28,11,318,75,35,83,84,18,90,27,28,306,96,7,318
15061704,54,44,117,61,37,293,76,75,107,27,19,5,76,47,85,92,6,71,27,28,306,94,4,41
15061705,53,38,132,43,58,322,66,48,118,69,36,65,29,8,313,84,18,90,26,20,307,NA,NA,NA
15061706,54,44,117,92,6,71,54,44,117,84,26,94,NA,NA,NA,84,18,90,49,57,317,96,7,318
15061707,28,16,359,38,40,308,54,44,117,51,43,355,NA,NA,NA,84,18,90,33,26,314,96,7,318
15062146,28,16,359,43,40,309,72,45,115,45,42,0,NA,NA,NA,82,35,93,26,20,307,96,7,318
15061709,54,44,117,36,55,329,69,59,106,76,47,85,42,37,18,92,6,71,36,47,352,95,5,344
15061710,28,16,359,45,57,327,69,59,106,29,8,313,NA,NA,NA,80,42,96,26,20,307,96,7,318
15061712,54,44,117,43,58,322,54,44,117,28,11,318,80,42,96,84,18,90,33,26,314,94,4,41
15062369,28,16,359,43,58,312,54,44,117,34,28,21,NA,NA,NA,84,18,90,48,58,336,96,7,318
15061713,54,44,117,66,36,309,50,28,115,76,47,85,NA,NA,NA,84,24,85,26,20,307,94,4,41
15061714,28,16,359,41,42,316,54,44,117,92,6,88,NA,NA,NA,92,6,71,39,53,346,96,7,318
15062147,54,44,117,33,34,316,69,59,106,42,37,18,NA,NA,NA,92,6,71,39,53,346,96,7,318
15061717,28,16,359,52,45,305,54,44,117,28,16,359,53,24,40,84,18,90,27,28,306,94,4,41
15061718,49,21,132,59,40,305,NA,NA,NA,28,11,318,79,36,83,92,6,71,NA,NA,NA,96,7,318
15061964,54,44,117,92,6,71,54,44,117,50,29,17,80,41,86,84,18,90,26,20,307,94,4,41
15061719,54,44,117,92,6,71,72,45,115,43,33,10,80,28,67,84,26,94,27,28,306,96,7,318
15061720,42,17,138,41,42,316,58,45,128,38,32,14,NA,NA,NA,84,18,90,44,53,341,96,7,318
15062358,28,16,359,43,58,322,58,45,128,28,11,318,76,47,85,84,18,90,36,55,329,94,4,41
15061721,54,24,136,45,57,327,69,59,106,39,28,22,NA,NA,NA,84,18,90,37,43,331,96,7,318
15061722,54,44,117,48,40,314,69,59,106,27,19,5,81,32,84,92,6,71,45,57,327,94,4,41
15061723,28,16,359,43,58,322,66,48,118,40,35,16,79,36,83,84,18,90,44,53,341,96,7,318
15061724,28,16,359,43,58,322,69,59,106,84,22,70,50,26,342,84,18,90,49,42,312,96,7,318
15062149,28,16,359,43,58,322,53,38,132,35,29,17,NA,NA,NA,84,18,90,44,53,341,96,7,318
15061725,28,16,359,43,58,322,54,44,117,34,34,8,NA,NA,NA,92,6,71,39,57,339,96,7,318
15061726,28,16,359,43,58,322,54,44,117,34,34,8,NA,NA,NA,84,26,94,44,54,353,94,4,41
15061729,28,16,359,52,45,305,54,44,117,30,29,7,79,36,83,84,18,90,49,57,317,96,7,318
15061730,28,16,359,52,45,305,50,28,115,27,19,5,80,41,86,84,18,90,42,39,319,96,7,318
15061731,28,16,359,54,49,320,66,48,118,51,43,355,79,36,83,84,18,90,35,41,347,NA,NA,NA
15061733,54,44,117,57,46,323,50,28,115,74,37,74,27,19,5,84,26,94,58,45,310,96,7,318
15061734,28,16,359,36,55,329,54,44,117,34,34,8,NA,NA,NA,92,6,71,39,57,339,96,7,318
15061735,54,44,117,54,49,320,71,50,115,79,36,83,41,37,12,94,5,52,39,57,339,94,4,41
15062150,28,16,359,43,58,312,54,44,117,28,11,318,80,42,96,92,6,71,26,20,307,94,4,41
15062151,NA,NA,NA,43,58,312,54,44,117,45,42,0,76,47,85,84,18,90,26,20,307,94,4,41
15061736,28,16,359,57,46,323,62,43,124,80,42,96,27,19,5,84,26,94,27,28,306,94,4,41
15061737,28,16,359,43,58,322,54,44,117,81,32,84,27,19,5,84,18,90,59,48,315,96,7,318
15062152,28,16,359,36,55,329,54,44,117,30,11,328,NA,NA,NA,92,6,71,NA,NA,NA,NA,NA,NA
15061738,28,16,359,43,58,322,54,44,117,30,11,328,75,35,83,84,18,90,39,53,346,94,4,41
15061740,28,16,359,38,40,308,58,45,128,28,11,318,NA,NA,NA,92,6,71,26,20,307,94,4,41
15062153,54,44,117,43,58,322,66,48,118,38,32,14,79,36,83,92,6,71,43,58,322,94,4,41
15061742,54,44,117,45,57,327,63,32,111,75,35,83,42,37,18,92,6,71,26,20,307,NA,NA,NA
15061744,54,44,117,43,40,309,69,59,106,66,40,69,40,35,16,92,6,71,49,42,312,96,7,318
15061965,54,44,117,92,6,71,66,48,118,42,36,346,60,32,41,84,18,90,26,20,307,94,4,41
15061747,54,44,117,92,6,71,54,44,117,43,33,10,82,26,80,84,26,94,33,26,314,NA,NA,NA
15061751,62,43,124,58,45,310,49,19,120,43,33,10,74,37,74,92,6,71,49,42,312,94,4,41
15061752,45,19,134,45,57,327,66,48,118,27,22,344,NA,NA,NA,84,26,94,26,20,307,96,7,318
15061753,NA,NA,NA,54,49,320,66,48,118,51,43,355,81,32,84,92,6,71,35,41,347,96,7,318
15061754,54,44,117,58,45,310,69,59,106,76,47,85,NA,NA,NA,84,18,90,56,48,332,94,4,41
15061755,54,44,117,63,31,315,50,28,115,30,16,3,NA,NA,NA,84,26,94,33,26,314,96,7,318
15061756,49,21,132,58,45,310,54,44,117,30,16,3,NA,NA,NA,84,26,94,38,40,308,96,7,318
15061757,28,16,359,49,57,317,58,45,128,30,29,7,29,8,313,84,26,94,26,20,307,NA,NA,NA
15061758,54,44,117,33,34,316,69,59,106,27,19,5,NA,NA,NA,84,26,94,38,40,308,96,7,318
15061759,54,44,117,33,58,312,69,59,106,77,45,83,30,16,3,84,26,94,38,40,308,96,7,318
15061760,28,16,359,61,43,319,66,48,118,43,33,10,80,28,67,84,26,94,54,39,308,96,7,318
15061761,54,44,117,92,6,71,54,44,117,45,32,39,78,20,35,84,26,94,26,20,307,NA,NA,NA
15061762,28,16,359,26,52,310,50,28,115,30,16,3,79,36,83,84,18,90,26,20,307,96,7,318
15061763,28,16,359,59,48,315,53,38,132,27,22,344,45,42,0,84,26,94,26,20,307,96,7,318
15061764,54,44,117,31,33,324,66,48,118,75,35,83,30,16,3,84,26,94,26,20,307,96,7,318
15061765,54,44,117,92,6,71,66,48,118,28,11,318,NA,NA,NA,84,18,90,26,20,307,94,4,41
15061766,54,44,117,33,58,312,66,48,118,76,47,85,40,35,16,84,18,90,26,20,307,NA,NA,NA
15061767,54,44,117,65,35,303,69,59,106,30,11,328,45,25,28,84,26,94,26,20,307,94,4,41
15061768,54,44,117,43,58,322,66,48,118,43,33,10,79,36,83,92,6,71,36,49,301,96,7,318
15061769,54,44,117,63,40,326,54,44,117,34,34,8,NA,NA,NA,92,6,71,39,57,339,96,7,318
15061771,28,16,359,43,58,322,69,59,106,28,11,318,79,36,83,84,18,90,38,40,308,94,4,41
15061772,54,44,117,59,40,305,NA,NA,NA,29,8,313,75,35,83,84,18,90,26,20,307,96,7,318
15061773,28,16,359,67,41,314,54,44,117,30,29,7,NA,NA,NA,84,18,90,26,20,307,96,7,318
15061966,28,16,359,43,58,312,54,44,117,29,8,313,80,41,86,84,18,90,26,20,307,96,7,318
15061776,54,44,117,52,45,305,54,44,117,76,47,85,50,29,17,92,6,71,33,26,314,96,7,318
15061777,28,16,359,43,58,322,69,59,106,27,19,5,79,36,83,84,26,94,26,20,307,96,7,318
15061778,NA,NA,NA,43,58,322,54,44,117,28,11,318,80,41,86,80,42,96,43,58,322,96,7,318
15061784,28,16,359,36,55,329,54,44,117,29,8,313,79,36,83,84,18,90,26,20,307,96,7,318
15061785,54,44,117,66,36,309,53,38,132,75,35,83,50,29,17,92,6,71,43,58,322,96,7,318
15062359,54,44,117,66,36,309,54,44,117,76,47,85,46,36,33,84,18,90,33,26,314,94,4,41
15062370,54,44,117,43,58,312,54,44,117,29,8,313,75,35,83,84,26,94,26,20,307,94,4,41
15061788,54,44,117,43,40,309,54,44,117,28,16,359,30,28,345,92,6,71,26,20,307,NA,NA,NA
15061967,28,16,359,53,43,320,54,44,117,27,19,5,80,41,86,92,6,71,26,20,307,96,7,318
15061789,54,44,117,63,40,326,NA,NA,NA,80,41,86,54,32,41,92,6,71,52,55,328,94,4,41
15061790,54,44,117,57,46,323,66,48,118,75,35,83,35,29,17,92,6,71,36,55,329,94,4,41
15061968,54,44,117,48,40,314,44,26,116,27,19,5,80,41,86,84,18,90,27,28,306,96,7,318
15061795,28,16,359,43,58,322,50,28,115,30,11,328,NA,NA,NA,82,35,93,33,26,314,96,7,318
15061797,28,16,359,54,49,320,54,44,117,75,35,83,30,16,3,84,18,90,94,4,41,43,58,322
15061798,54,44,117,52,45,305,53,38,132,34,28,21,NA,NA,NA,92,6,71,65,35,303,96,7,318
15061799,28,16,359,45,57,327,50,28,115,34,34,8,29,8,313,84,18,90,26,20,307,NA,NA,NA
15061800,54,44,117,49,42,312,54,44,117,80,42,96,27,22,344,92,6,71,33,26,314,94,4,41
15062360,54,44,117,65,35,303,44,26,116,80,41,86,40,28,27,92,6,71,49,57,317,94,4,41
15062361,54,44,117,43,58,322,58,45,128,30,29,7,NA,NA,NA,84,26,94,33,26,314,NA,NA,NA
15061801,54,44,117,75,26,302,66,48,118,50,29,17,80,42,96,92,6,71,36,47,352,94,4,41
15062371,54,44,117,43,58,322,NA,NA,NA,75,35,83,43,33,10,92,6,71,36,39,321,96,7,318
15061969,54,44,117,70,31,304,44,26,116,80,41,86,50,29,17,92,6,71,33,26,314,94,4,41
15061808,54,44,117,57,46,323,66,48,118,81,32,84,50,29,17,88,10,96,36,47,352,94,4,41
15061811,54,44,117,43,58,312,NA,NA,NA,28,16,359,81,32,84,84,18,90,33,26,314,94,4,41
15062362,54,44,117,41,42,316,54,44,117,76,47,85,NA,NA,NA,84,18,90,43,40,309,94,4,41
15061813,54,44,117,43,58,322,NA,NA,NA,80,42,96,43,39,17,84,18,90,59,48,315,94,4,41
15061814,28,16,359,43,58,322,54,44,117,30,29,7,80,42,96,92,6,71,49,57,317,94,4,41
15061815,54,44,117,58,45,310,66,48,118,34,28,21,82,26,80,84,18,90,43,58,312,96,7,318
15062372,54,44,117,65,35,303,54,44,117,28,16,359,75,35,83,84,26,94,27,28,306,96,7,318
15061826,54,44,117,61,43,319,54,44,117,35,29,17,76,47,85,92,3,32,36,47,352,94,4,41
15062373,54,44,117,45,57,327,54,44,117,40,28,27,75,35,83,84,18,90,36,47,352,94,4,41
15062031,54,44,117,45,57,327,66,48,118,40,35,16,81,32,84,84,18,90,44,54,353,94,4,41
15061893,54,44,117,45,57,327,NA,NA,NA,40,35,16,80,41,86,84,26,94,54,39,308,94,4,41
15061894,54,44,117,57,46,323,54,44,117,54,33,38,74,37,74,84,26,94,48,58,336,96,7,318
15061247,54,44,117,49,57,317,50,28,115,43,33,10,81,32,84,92,6,71,43,58,312,96,7,318
