SAMPLES,c1_2519,c1_4822,c2_1688,c2_19081,c2_54586
15060021,3,2,2,2,1
15060027,3,2,2,1,2
15060039,2,1,1,2,1
15060042,3,2,1,1,1
15060050,3,3,2,1,1
15060056,2,3,1,2,1
15060063,3,2,1,3,1
15060070,4,3,1,1,2
15060072,2,3,0,2,2
15060082,3,0,1,0,0
15060085,4,2,2,0,0
15060097,3,3,0,1,3
15060101,4,2,0,2,2
15060102,4,2,1,1,2
15060110,4,3,1,1,2
15060112,3,2,1,2,2
15060114,3,3,2,2,3
15060120,1,1,2,1,1
15060121,4,2,3,3,2
15060122,3,3,2,1,1
15060138,3,3,0,2,3
15060160,3,2,2,1,1
15060187,0,2,2,2,0
15060188,4,3,1,1,2
15060190,3,3,2,2,2
15060191,4,1,2,1,1
15060215,3,3,2,2,3
15060313,3,4,3,3,2
15060345,4,4,2,1,4
15060383,3,4,3,3,2
15060420,4,4,2,1,4
15060543,2,2,0,2,1
15060570,2,4,1,4,2
15060797,2,2,1,4,1
15060846,3,3,2,1,1
15060907,3,4,1,3,2
15060909,2,2,0,1,2
15060910,3,4,2,3,3
15061007,2,2,2,0,1
15061011,3,3,1,2,2
15061122,3,3,2,1,1
15061204,4,3,0,2,0
15061213,2,1,1,2,1
15061215,2,1,1,2,1
15061216,3,2,0,2,1
15061225,3,3,2,2,3
15061226,0,4,0,2,1
15061237,2,2,0,2,1
15061256,4,2,0,1,2
15061257,1,2,0,3,2
15061258,1,2,2,1,2
15061259,4,3,1,1,2
15061261,3,3,1,2,2
15061262,4,2,0,2,2
15061263,4,2,0,3,2
15061264,4,3,1,2,2
15061265,3,4,2,2,3
15061270,3,2,2,2,1
15061271,4,4,2,3,3
15061273,3,4,2,2,3
15061274,2,4,2,3,3
15061277,2,2,1,2,2
15061279,3,4,1,2,4
15061281,2,1,1,2,1
15061283,3,2,1,2,2
15061286,4,4,2,3,3
15061288,2,1,1,2,1
15061289,2,1,1,2,1
15061290,4,3,2,2,3
15061291,4,3,0,1,3
15061293,1,3,1,2,3
15061295,2,3,1,1,3
15061296,3,1,2,2,1
15061297,4,2,0,1,2
15061298,3,4,1,2,3
15061300,4,2,1,0,1
15061301,3,4,1,2,3
15061302,4,2,1,2,2
15061303,2,2,0,1,2
15061305,4,2,0,2,1
15061307,3,1,2,2,0
15061312,4,3,0,1,3
15061313,4,1,2,1,1
15061314,3,3,2,4,3
15061317,4,2,0,2,3
15061320,4,3,1,2,1
15061323,3,3,2,2,3
15061324,4,4,1,1,2
15061327,3,3,1,1,3
15061329,4,3,2,1,3
15061330,3,4,0,2,2
15061331,4,3,0,0,3
15061335,4,2,0,0,2
15061336,3,3,0,1,3
15061340,4,3,1,1,2
15061342,3,2,1,2,2
15061344,4,1,1,3,1
15061345,4,4,2,1,4
15061346,4,4,2,1,4
15061347,2,3,2,1,3
15061349,4,2,0,2,2
15061352,4,3,2,1,3
15061353,3,2,1,2,2
15061355,3,2,1,2,2
15061360,3,2,1,2,2
15061364,3,2,1,2,2
15061365,2,1,1,2,1
15061367,2,1,1,2,1
15061368,4,2,3,3,2
15061369,4,2,3,3,2
15061370,4,4,2,1,4
15061377,3,3,1,2,2
15061378,4,2,0,0,2
15061380,2,3,2,1,3
15061382,3,3,2,2,3
15061383,3,2,1,2,2
15061384,4,3,1,1,2
15061385,4,3,1,1,2
15061386,4,2,3,3,2
15061388,3,2,0,2,2
15061389,4,3,2,1,3
15061390,4,3,2,1,3
15061392,1,3,1,2,2
15061394,4,2,0,2,2
15061396,4,2,0,2,2
15061404,4,3,2,1,3
15061406,3,2,1,2,2
15061410,2,4,1,2,4
15061411,2,1,1,2,1
15061414,4,3,2,1,3
15061415,2,4,2,3,3
15061417,4,3,2,1,3
15061418,4,3,2,1,3
15061419,4,3,1,1,2
15061420,4,3,1,2,1
15061421,3,3,1,2,2
15061422,4,3,1,3,3
15061423,4,3,1,3,3
15061424,1,2,2,1,2
15061425,4,4,2,1,4
15061430,4,4,2,1,4
15061434,2,4,2,3,3
15061435,4,2,1,1,2
15061436,4,4,1,2,4
15061437,2,1,1,1,1
15061438,4,3,2,1,3
15061439,2,1,1,1,1
15061441,4,2,1,0,1
15061442,2,1,1,2,1
15061443,4,4,1,2,4
15061444,2,1,1,2,1
15061445,4,2,1,0,1
15061447,4,2,1,2,3
15061453,4,2,1,0,1
15061458,4,4,2,1,4
15061459,4,3,2,1,3
15061461,4,4,2,1,4
15061462,2,1,1,1,1
15061463,4,3,1,2,3
15061469,4,1,1,3,1
15061470,3,3,2,1,1
15061471,3,3,2,1,1
15061475,3,3,1,2,2
15061477,2,1,1,2,1
15061478,4,3,1,1,2
15061479,4,3,1,3,3
15061480,4,2,1,0,1
15061481,4,1,2,1,1
15061482,4,4,1,2,4
15061484,3,2,2,2,1
15061485,4,4,1,2,4
15061487,1,1,1,2,1
15061488,4,3,2,1,3
15061489,4,3,2,1,3
15061490,4,3,2,1,3
15061492,4,3,2,1,3
15061493,2,3,2,1,3
15061495,2,3,2,1,3
15061498,4,3,2,1,3
15061500,4,4,1,2,4
15061501,3,3,1,3,1
15061503,4,3,1,3,3
15061504,3,3,2,2,3
15061505,4,4,2,3,3
15061507,2,1,1,2,1
15061508,2,1,1,2,1
15061509,4,2,1,1,2
15061511,4,2,1,1,2
15061514,3,3,1,2,2
15061516,3,3,1,3,1
15061517,3,2,1,2,2
15061518,4,3,1,3,3
15061520,1,2,3,1,2
15061521,3,2,1,1,1
15061523,4,3,1,1,2
15061524,3,4,1,1,4
15061525,2,1,1,2,1
15061526,2,2,1,1,2
15061528,2,3,2,1,3
15061530,1,1,1,2,1
15061533,2,1,1,2,1
15061534,3,2,2,2,1
15061535,2,3,2,1,3
15061536,2,1,1,2,1
15061537,4,2,0,2,2
15061538,4,3,1,1,2
15061539,4,3,1,1,2
15061542,4,1,2,1,1
15061543,1,1,1,2,1
15061546,4,3,1,1,2
15061549,3,4,1,2,4
15061550,1,2,2,1,2
15061551,4,4,1,2,4
15061553,2,3,2,2,2
15061555,3,3,1,2,2
15061556,4,4,1,2,4
15061557,3,3,1,2,2
15061561,3,2,1,1,2
15061564,4,3,1,3,3
15061565,3,4,3,3,2
15061566,4,3,1,1,2
15061567,4,3,2,1,3
15061571,3,3,2,3,3
15061575,3,2,2,2,1
15061576,3,3,2,1,1
15061577,4,3,2,1,3
15061580,3,2,1,2,2
15061585,3,3,2,1,1
15061586,3,3,2,1,1
15061588,4,4,1,2,4
15061601,3,2,1,2,2
15061602,3,3,2,1,3
15061604,2,3,0,2,2
15061608,3,3,2,1,1
15061609,4,3,1,1,2
15061610,3,2,1,2,2
15061614,3,3,2,2,3
15061621,3,3,1,3,1
15061622,3,2,1,1,2
15061626,3,2,2,1,1
15061627,3,3,2,2,2
15061628,4,2,1,1,2
15061629,1,1,2,1,1
15061630,3,2,2,2,1
15061632,3,3,2,2,3
15061633,3,3,0,2,3
15061638,3,3,1,2,2
15061639,4,3,3,1,2
15061640,3,2,1,1,2
15061641,4,3,3,2,2
15061642,3,3,1,2,2
15061645,3,2,1,1,2
15061646,4,2,0,2,2
15061649,4,2,0,1,0
15061650,3,3,0,3,2
15061651,2,1,1,2,1
15061653,4,4,2,1,4
15061654,3,3,2,1,3
15061658,3,3,2,2,3
15061659,3,3,2,1,1
15061665,2,4,1,2,4
15061666,3,4,0,1,2
15061667,3,2,2,2,1
15061668,2,4,1,2,4
15061669,4,4,2,1,4
15061670,4,3,3,2,2
15061671,3,3,2,4,3
15061673,4,2,1,1,2
15061677,4,3,2,1,3
15061678,4,3,2,1,3
15061679,4,2,1,1,2
15061680,4,3,3,2,2
15061682,3,3,1,2,2
15061683,3,2,1,2,3
15061684,4,3,1,3,2
15061686,3,2,1,2,2
15061687,3,4,1,1,3
15061688,3,2,1,2,2
15061690,4,3,2,1,3
15061702,3,2,1,1,2
15061706,2,4,2,1,3
15061707,4,2,1,2,1
15061709,4,4,2,1,4
15061712,2,3,1,2,1
15061714,2,4,2,3,3
15061717,3,3,2,2,2
15061719,4,2,0,2,2
15061720,1,4,2,3,2
15061722,3,3,1,3,2
15061723,3,3,1,3,1
15061724,2,2,2,1,1
15061725,2,4,2,3,3
15061726,3,4,2,3,3
15061729,1,2,2,1,2
15061733,4,3,2,1,3
15061734,4,3,2,1,3
15061735,2,4,2,3,3
15061736,1,2,2,1,2
15061737,1,2,2,1,2
15061738,4,3,2,1,3
15061740,3,3,1,2,2
15061744,3,3,0,0,2
15061747,4,2,0,2,2
15061751,3,3,2,1,1
15061752,3,3,1,2,2
15061753,4,3,2,1,3
15061754,4,2,0,1,2
15061755,4,3,1,3,3
15061756,4,3,1,3,3
15061757,4,2,1,1,2
15061758,2,2,1,1,1
15061760,1,2,2,1,2
15061761,4,2,0,2,2
15061762,2,3,2,1,3
15061764,4,2,1,1,2
15061766,4,1,2,1,1
15061769,4,3,0,2,3
15061771,4,3,2,1,3
15061772,4,2,3,3,2
15061773,2,3,1,1,3
15061776,4,4,1,2,4
15061777,4,2,1,1,2
15061784,4,3,2,1,3
15061785,4,3,3,3,1
15061788,3,4,1,1,4
15061789,4,4,1,2,4
15061790,4,2,1,1,2
15061795,3,2,2,2,1
15061797,4,3,2,1,3
15061798,4,3,1,3,3
15061799,4,2,1,1,2
15061800,0,3,0,2,1
15061811,3,3,1,1,2
15061813,4,4,1,2,4
15061814,4,3,3,1,2
15061815,3,3,2,1,3
15061826,4,3,1,3,3
15061905,2,1,1,2,1
15061906,4,2,0,2,3
15061907,3,4,0,3,3
15061908,3,3,1,2,4
15061909,4,2,2,0,0
15061910,3,3,2,2,3
15061911,2,2,0,1,2
15061915,2,2,0,1,2
15061917,4,4,2,1,4
15061918,3,3,2,1,1
15061926,3,3,2,2,3
15061927,2,3,0,4,2
15061929,0,2,2,2,0
15061930,3,3,2,1,1
15061933,3,2,1,2,2
15061934,1,2,2,1,2
15061937,3,4,2,2,3
15061939,4,3,2,1,3
15061941,4,4,2,1,4
15061944,4,3,2,1,3
15061945,4,4,2,1,4
15061948,3,2,1,2,2
15061949,4,2,1,2,2
15061951,4,4,2,1,4
15061952,1,2,2,1,2
15061953,4,3,1,1,2
15061954,4,4,2,1,4
15061957,2,4,2,3,3
15061958,4,3,2,1,3
15061960,4,2,0,2,2
15061961,4,3,1,1,2
15061964,4,2,0,2,2
15061965,4,3,0,2,2
15061966,1,1,1,1,1
15061967,3,3,2,1,2
15061968,4,2,1,1,2
15061969,3,3,2,3,1
15062036,3,2,1,1,1
15062038,4,4,2,1,4
15062039,2,1,1,2,1
15062050,2,3,1,1,3
15062051,4,4,2,1,4
15062052,4,4,2,1,4
15062053,2,1,1,2,1
15062063,3,2,1,2,2
15062067,3,3,2,3,1
15062069,3,4,1,1,4
15062071,4,2,0,2,2
15062080,3,3,1,1,3
15062081,4,2,1,2,2
15062092,3,2,1,2,2
15062094,4,3,1,1,3
15062097,3,3,1,2,2
15062100,3,3,2,1,3
15062101,3,2,2,2,1
15062102,4,3,1,2,2
15062103,4,2,2,0,2
15062105,4,3,1,1,2
15062106,4,3,2,1,3
15062107,2,1,1,2,1
15062108,4,3,2,1,3
15062109,4,4,2,1,4
15062112,4,3,1,1,2
15062115,4,2,1,0,1
15062117,4,4,2,1,4
15062118,4,4,2,1,4
15062119,4,3,2,1,3
15062122,3,4,0,1,2
15062124,4,2,1,1,2
15062126,4,3,1,1,2
15062133,2,3,2,1,3
15062136,3,2,1,3,1
15062139,2,4,2,3,3
15062143,3,2,2,2,1
15062144,4,3,1,1,2
15062145,4,2,1,2,1
15062146,3,2,2,2,1
15062147,2,4,2,3,3
15062149,2,4,2,3,3
15062150,4,4,1,3,3
15062151,3,0,0,4,0
15062152,4,3,2,1,3
15062153,4,3,2,1,3
15062332,3,3,2,1,1
15062333,3,2,2,1,2
15062334,3,3,2,1,1
15062335,4,4,2,3,3
15062337,4,4,2,1,4
15062338,4,4,2,1,4
15062339,2,4,1,4,2
15062344,3,4,2,3,1
15062346,3,2,2,2,2
15062347,4,2,3,3,2
15062349,4,3,2,1,3
15062350,4,2,1,2,2
15062351,2,3,2,1,3
15062353,4,4,2,1,4
15062354,4,4,2,1,4
15062356,3,2,2,2,1
15062357,4,3,1,1,3
15062358,4,3,2,1,3
15062359,2,4,1,2,4
15062360,3,3,2,3,1
15062361,3,4,1,2,4
15062363,2,1,1,2,1
15062366,4,3,1,3,3
15062367,4,2,1,0,1
15062368,4,4,2,1,4
15062369,2,4,2,3,3
15062371,3,3,2,1,1
