SAMPLES,c1_15909,c1_4206,c1_4238,c1_4243,c1_9695,c2_10615,c2_10690,c2_12976,c2_13133,c2_13177,c2_13180,c2_17938,c2_35053,c2_35101,c2_44816
15060021,4,3,3,3,1,3,1,1,1,1,1,4,2,3,3
15060027,4,4,4,2,1,4,0,0,0,0,0,2,0,4,1
15060039,2,2,2,4,1,3,1,2,2,2,2,3,2,3,2
15060042,3,3,3,4,2,4,0,2,1,1,1,4,2,3,2
15060050,4,3,3,4,3,4,0,2,1,1,1,3,1,4,2
15060056,4,4,4,2,2,4,2,2,0,0,0,4,1,4,3
15060063,2,4,4,3,2,4,0,2,0,0,0,4,2,2,3
15060070,3,3,3,3,1,3,1,2,1,1,1,4,0,4,1
15060072,3,3,3,4,2,4,0,3,1,1,1,3,2,4,3
15060082,4,3,4,1,3,4,0,2,0,0,0,3,1,4,2
15060085,2,4,4,4,2,3,1,2,0,0,0,4,1,3,2
15060097,4,4,4,4,3,4,1,2,0,0,0,4,0,4,2
15060101,4,3,3,3,1,3,1,2,1,1,1,3,1,4,0
15060102,4,3,3,3,1,4,0,2,1,1,1,3,1,4,3
15060110,3,3,3,3,1,3,1,2,1,1,1,4,0,4,1
15060112,3,3,3,4,0,3,1,2,1,1,1,3,1,4,2
15060114,4,3,4,4,2,4,0,2,0,0,0,3,2,3,2
15060120,4,4,4,3,1,4,0,1,0,0,0,3,1,4,3
15060121,4,3,3,2,1,4,0,2,1,1,1,3,2,3,2
15060122,4,3,3,4,3,4,0,2,1,1,1,3,1,4,2
15060138,2,4,4,2,1,3,1,2,0,0,0,3,0,4,3
15060160,4,3,3,4,3,4,0,2,1,2,2,3,2,4,2
15060187,4,4,3,3,3,4,0,1,0,0,0,4,1,4,3
15060188,3,3,3,3,1,3,1,2,1,1,1,3,0,4,2
15060190,4,4,4,2,2,3,1,2,0,0,0,2,1,3,2
15060191,3,4,4,1,1,3,1,1,0,0,0,3,2,3,0
15060215,4,3,4,4,2,4,0,2,0,0,0,3,2,3,2
15060313,4,3,2,3,1,4,0,2,2,2,2,1,3,3,2
15060345,2,2,3,4,0,3,1,2,1,1,1,4,0,4,2
15060383,4,3,2,3,1,4,0,2,2,2,2,1,3,3,2
15060420,2,2,3,4,0,3,1,2,1,1,1,4,0,4,2
15060543,3,4,4,3,3,4,0,3,0,0,0,3,2,3,2
15060570,4,4,3,4,4,4,0,2,0,0,0,3,2,4,3
15060797,3,3,4,4,2,4,0,2,0,0,0,4,2,2,2
15060846,4,3,3,4,3,4,0,2,1,1,1,3,1,4,2
15060907,4,4,3,4,2,4,0,3,0,0,0,1,2,4,3
15060909,3,3,3,4,1,3,1,2,1,1,1,3,1,4,2
15060910,3,4,3,4,1,3,1,2,1,1,1,2,3,3,2
15061007,3,3,4,1,0,4,0,2,1,0,0,4,2,3,3
15061011,3,4,4,2,1,3,1,2,0,0,0,3,1,3,1
15061122,4,3,3,4,3,4,0,2,1,1,1,3,1,4,2
15061204,4,4,4,2,3,4,0,3,0,0,0,4,1,4,2
15061213,2,2,2,4,1,3,1,2,2,2,2,3,2,3,2
15061215,2,2,2,4,1,3,1,2,2,2,2,3,2,3,2
15061216,4,4,4,2,4,4,1,3,0,0,0,4,2,4,2
15061225,4,3,4,4,2,4,0,2,0,0,0,3,2,3,2
15061226,4,4,4,4,4,4,0,1,0,0,0,3,2,4,3
15061237,3,4,4,3,3,4,0,3,0,0,0,3,2,3,2
15061256,2,4,4,3,1,4,1,2,0,0,0,4,2,2,3
15061257,4,3,4,4,2,4,0,3,0,0,0,3,1,4,2
15061258,3,4,4,3,1,4,0,1,0,0,0,3,2,3,3
15061259,3,3,3,3,1,3,1,2,1,1,1,4,0,4,1
15061261,3,4,4,2,1,3,1,2,0,0,0,3,1,3,1
15061262,4,3,3,3,0,3,1,2,1,1,1,3,1,4,0
15061263,4,3,3,4,0,2,2,2,1,1,1,4,2,4,0
15061264,4,3,3,3,1,3,1,2,1,1,1,3,1,NA,1
15061265,4,4,4,2,1,4,0,3,0,0,0,4,1,4,1
15061270,3,4,4,3,2,4,0,2,0,0,0,4,0,4,3
15061271,4,4,4,2,3,4,0,3,0,0,0,4,1,3,2
15061273,4,4,4,2,1,4,0,3,0,0,0,4,1,4,1
15061274,4,4,4,3,2,3,1,4,0,0,0,4,2,4,1
15061277,4,4,4,4,2,4,0,3,0,0,0,3,3,3,2
15061279,2,4,4,2,1,3,1,2,0,0,0,3,1,3,1
15061281,2,2,2,4,1,3,1,2,2,2,2,3,2,3,2
15061283,3,3,3,4,0,3,1,2,1,1,1,3,1,4,2
15061286,4,4,4,2,3,4,0,3,0,0,0,4,1,3,2
15061288,2,NA,2,4,1,3,1,2,2,2,2,3,2,3,2
15061289,2,2,2,4,1,3,1,2,2,2,2,3,2,3,2
15061290,4,4,4,3,2,3,1,2,0,0,0,3,2,3,2
15061291,3,4,4,2,1,3,1,4,0,0,0,3,1,4,2
15061293,3,2,2,4,1,4,0,1,2,2,2,3,2,2,2
15061295,4,3,2,3,1,4,0,1,1,1,1,4,4,1,4
15061296,3,4,4,2,1,3,1,2,0,0,0,4,0,4,3
15061297,2,4,4,3,1,4,1,2,0,0,0,4,2,2,3
15061298,3,3,3,3,2,3,1,2,1,1,1,4,1,4,2
15061300,4,4,4,2,2,4,0,0,0,0,0,4,2,3,1
15061301,3,3,3,3,2,3,1,2,1,1,1,4,1,4,2
15061302,2,2,3,4,1,3,1,1,1,1,1,3,1,4,0
15061303,3,3,3,4,1,3,1,2,1,1,1,3,1,4,2
15061305,2,2,3,4,0,4,0,1,1,1,1,3,0,4,2
15061307,4,3,3,4,3,4,0,0,1,1,1,4,2,3,2
15061312,3,4,4,2,1,3,1,4,0,0,0,3,1,4,2
15061313,3,4,4,1,1,3,1,1,0,0,0,3,2,3,0
15061314,3,4,4,3,1,3,1,3,0,0,0,4,2,3,1
15061317,4,3,3,3,1,3,1,2,1,1,1,3,1,4,0
15061320,3,3,3,3,2,4,0,3,1,1,1,1,3,4,4
15061323,4,3,4,4,2,4,0,2,0,0,0,3,2,2,2
15061324,3,2,1,4,2,4,0,3,2,3,3,4,1,4,3
15061327,3,4,4,2,1,3,1,2,0,0,0,3,1,3,1
15061329,3,3,3,2,1,3,1,2,1,1,1,4,1,4,2
15061330,3,3,3,2,3,4,0,1,1,1,1,3,0,4,1
15061331,4,2,3,3,1,3,1,4,1,1,1,4,1,3,1
15061335,3,3,3,2,1,3,1,2,1,1,1,3,1,3,1
15061336,2,2,3,3,2,4,0,1,1,1,1,4,1,4,1
15061340,3,3,3,3,1,3,1,2,1,1,1,4,0,4,1
15061342,3,3,3,4,0,3,1,2,1,1,1,3,1,4,2
15061344,3,3,3,4,1,4,0,2,1,1,1,2,2,4,2
15061345,2,2,3,4,0,3,1,2,1,1,1,4,0,4,2
15061346,2,2,3,4,0,3,1,2,1,1,1,4,0,4,2
15061347,4,3,3,3,2,3,1,2,1,1,1,4,2,3,3
15061349,4,3,4,3,1,4,0,2,0,0,0,4,2,2,1
15061352,3,3,3,2,1,3,1,2,1,1,1,4,1,3,1
15061353,3,3,3,4,0,3,1,2,1,1,1,3,1,4,2
15061355,3,3,3,4,0,3,1,2,1,1,1,3,1,4,2
15061360,3,3,3,4,0,3,1,2,1,1,1,3,1,4,2
15061364,3,3,3,4,0,3,1,2,1,1,1,3,1,4,2
15061365,2,2,2,4,1,3,1,2,2,2,2,3,2,3,2
15061367,2,2,2,4,1,3,1,2,2,2,2,3,2,3,2
15061368,4,3,3,2,1,4,0,2,1,1,1,3,2,3,2
15061369,4,3,3,2,1,4,0,2,1,1,1,3,2,3,2
15061370,2,2,3,4,0,3,1,2,1,1,1,4,0,4,2
15061377,3,4,4,2,1,3,1,2,0,0,0,3,1,3,1
15061378,3,3,3,2,1,3,1,2,1,1,1,3,1,3,1
15061380,4,3,3,3,2,3,1,2,1,1,1,4,2,3,3
15061382,4,3,4,4,2,4,0,2,0,0,0,3,2,3,2
15061383,3,3,3,4,0,3,1,2,1,1,1,3,1,4,2
15061384,3,3,3,3,1,3,1,2,1,1,1,4,0,4,1
15061385,3,3,3,3,1,3,1,2,1,1,1,4,0,4,1
15061386,4,3,3,2,1,4,0,2,1,1,1,3,2,3,2
15061388,2,3,3,2,2,4,0,3,1,1,1,4,1,4,2
15061389,3,3,3,2,1,3,1,2,1,1,1,4,1,3,1
15061390,3,3,3,2,1,3,1,2,1,1,1,4,1,3,1
15061392,2,4,4,2,1,4,1,3,0,0,0,3,0,4,4
15061394,4,3,3,3,1,3,1,2,1,1,1,3,1,4,0
15061396,4,3,3,3,1,3,1,2,1,1,1,3,1,4,0
15061404,3,3,3,2,1,3,1,2,1,1,1,4,1,3,1
15061406,3,3,3,4,0,3,1,2,1,1,1,3,1,4,2
15061410,2,2,2,3,2,2,1,4,2,2,2,3,1,3,1
15061411,3,3,3,3,0,3,1,2,1,1,1,3,1,4,2
15061414,3,3,3,2,1,3,1,2,1,1,1,4,1,3,1
15061415,4,4,4,3,1,4,0,1,0,0,0,4,2,3,3
15061417,3,3,3,2,1,3,1,2,1,1,1,4,1,3,1
15061418,3,3,3,2,1,3,1,2,1,1,1,4,1,3,1
15061419,3,3,3,3,1,3,1,2,1,1,1,4,0,4,1
15061420,3,3,3,3,2,4,0,3,1,1,1,1,3,4,4
15061421,3,4,4,2,1,3,1,2,0,0,0,3,1,3,1
15061422,4,3,3,4,0,3,3,4,1,1,2,4,3,4,1
15061423,4,3,3,4,0,3,3,4,2,1,1,4,3,4,2
15061424,3,4,4,3,1,4,0,1,0,0,0,3,2,3,3
15061425,2,2,3,4,0,3,1,2,1,1,1,4,0,4,2
15061430,2,2,3,4,0,3,1,2,1,1,1,4,0,4,2
15061434,4,4,4,3,1,4,0,1,0,0,0,4,2,3,3
15061435,4,3,4,2,2,4,0,1,0,0,0,3,0,4,2
15061436,3,4,4,4,2,4,1,3,0,0,0,4,0,4,2
15061437,4,4,4,3,2,3,1,2,0,0,0,4,2,3,3
15061438,3,3,3,2,1,3,1,2,1,1,1,4,1,3,1
15061439,4,4,4,3,2,3,1,2,0,0,0,4,2,3,3
15061441,4,4,4,2,2,4,0,0,0,0,0,4,2,3,1
15061442,3,3,3,3,0,3,1,2,1,1,1,3,1,4,2
15061443,3,4,4,4,2,4,1,3,0,0,0,4,0,4,2
15061444,3,4,4,3,1,4,0,3,0,0,0,3,3,3,3
15061445,4,4,4,2,2,4,0,0,0,0,0,4,2,3,1
15061447,4,3,3,4,0,3,3,4,1,1,2,4,2,4,2
15061453,4,4,4,2,2,4,0,0,0,0,0,4,2,3,1
15061458,2,2,3,4,0,3,1,2,1,1,1,4,0,4,2
15061459,3,3,3,2,1,3,1,2,1,1,1,4,1,3,1
15061461,2,2,3,4,0,3,1,2,1,1,1,4,0,4,2
15061462,4,4,4,3,2,3,1,2,0,0,0,4,2,3,3
15061463,4,3,3,3,0,3,2,4,1,1,1,4,2,NA,1
15061469,3,3,3,4,1,4,0,2,1,1,1,2,2,4,2
15061470,4,3,3,4,3,4,0,2,1,1,1,3,1,4,2
15061471,4,3,3,4,3,4,0,2,1,1,1,3,1,4,2
15061475,3,4,4,2,1,3,1,2,0,0,0,3,1,3,1
15061477,3,4,4,3,1,4,0,3,0,0,0,3,3,3,3
15061478,3,3,3,3,1,3,1,2,1,1,1,4,0,4,1
15061479,4,3,3,4,0,3,3,4,2,1,2,4,3,4,1
15061480,4,4,4,2,2,4,0,0,0,0,0,4,2,3,1
15061481,3,4,4,1,1,3,1,1,0,0,0,3,2,3,0
15061482,3,4,4,4,2,4,1,3,0,0,0,4,0,4,2
15061484,3,4,4,3,2,4,0,2,0,0,0,4,0,4,3
15061485,3,4,4,4,2,4,1,3,0,0,0,4,0,4,2
15061487,4,3,3,3,2,4,0,2,1,1,1,3,3,2,2
15061488,3,3,3,2,1,3,1,2,1,1,1,4,1,3,1
15061489,3,3,3,2,1,3,1,2,1,1,1,4,1,3,1
15061490,3,3,3,2,1,3,1,2,1,1,1,4,1,3,1
15061492,3,3,3,2,1,3,1,2,1,1,1,4,1,3,1
15061493,4,3,3,3,2,3,1,2,1,1,1,4,2,3,3
15061495,4,3,3,3,2,3,1,2,1,1,1,4,2,3,3
15061498,3,3,3,2,1,3,1,2,1,1,1,4,1,3,2
15061500,3,4,4,4,2,4,1,3,0,0,0,4,0,4,2
15061501,3,4,4,3,3,4,0,2,0,0,0,4,0,4,3
15061503,4,3,3,4,0,3,3,4,1,1,2,4,3,4,1
15061504,4,3,4,4,2,4,0,2,0,0,0,3,2,3,2
15061505,4,4,4,2,3,4,0,3,0,0,0,4,1,3,2
15061507,3,3,3,3,0,3,1,2,1,1,1,3,1,4,2
15061508,3,3,3,3,0,3,1,2,1,1,1,3,1,4,2
15061509,4,3,3,3,1,4,0,2,1,1,1,3,1,4,3
15061511,4,3,3,3,0,4,0,2,1,1,1,3,1,4,3
15061514,3,4,4,2,1,3,1,2,0,0,0,3,1,3,1
15061516,3,4,4,3,3,4,0,2,0,0,0,4,0,4,3
15061517,3,3,3,4,0,3,1,2,1,1,1,3,1,4,2
15061518,4,3,2,4,0,3,3,4,1,1,2,4,3,4,2
15061520,3,3,3,3,0,4,0,2,1,1,1,4,2,3,3
15061521,3,3,3,4,2,4,0,2,1,1,1,4,2,3,2
15061523,3,3,3,3,0,3,1,2,1,1,1,4,0,4,1
15061524,4,4,4,1,2,4,0,3,0,0,0,4,2,3,4
15061525,3,3,3,3,0,3,1,2,1,1,1,3,1,4,2
15061526,3,4,4,3,0,4,0,1,0,0,0,3,2,3,3
15061528,4,3,3,3,2,3,1,2,1,1,1,4,2,3,3
15061530,3,3,3,3,0,3,1,2,1,1,1,3,1,4,2
15061533,3,3,3,3,0,3,1,2,1,1,1,3,1,4,2
15061534,4,3,3,3,1,3,1,1,1,1,1,4,2,3,3
15061535,4,3,3,3,2,3,1,2,1,1,1,4,2,3,3
15061536,3,3,3,3,0,3,1,2,1,1,1,3,1,4,2
15061537,4,3,3,3,0,3,1,2,1,1,1,3,1,4,0
15061538,3,3,3,3,1,3,1,2,1,1,1,4,0,4,2
15061539,3,3,3,3,1,3,1,2,1,1,1,4,0,4,1
15061542,3,4,4,1,1,3,1,1,0,0,0,3,2,3,0
15061543,2,2,2,4,1,3,1,2,2,2,2,3,2,3,2
15061546,3,3,3,3,0,3,1,2,1,1,1,4,0,4,2
15061549,2,4,4,2,1,3,1,2,0,0,0,3,1,3,2
15061550,3,4,4,3,1,4,0,1,0,0,0,3,2,3,3
15061551,3,4,4,4,2,4,1,3,0,0,0,4,0,4,3
15061553,3,3,3,2,0,3,0,2,1,1,1,2,0,4,2
15061555,3,4,4,2,1,3,1,2,0,0,0,3,1,3,2
15061556,3,4,4,4,2,4,1,3,0,0,0,4,0,4,3
15061557,3,4,4,2,1,3,1,2,0,0,0,3,1,3,1
15061561,3,4,4,2,0,3,1,1,0,0,0,4,0,4,2
15061564,4,3,3,4,0,3,3,4,2,1,2,4,3,4,2
15061565,4,3,2,3,1,4,0,2,2,2,2,1,3,3,2
15061566,3,3,3,3,1,3,1,2,1,1,1,4,0,4,1
15061567,4,4,4,0,2,4,0,0,0,0,0,3,1,3,1
15061571,3,4,4,2,1,3,1,1,0,0,0,2,2,3,1
15061575,3,4,4,3,2,4,0,2,0,0,0,4,0,4,3
15061576,4,3,3,4,3,4,0,2,1,1,1,3,1,4,2
15061577,3,3,3,2,1,3,1,2,1,1,1,4,1,4,2
15061580,3,3,3,4,0,3,1,2,1,1,1,3,1,4,2
15061585,4,3,3,4,3,4,0,2,1,1,1,3,1,4,2
15061586,4,3,3,4,3,4,0,2,1,1,1,3,1,4,2
15061588,3,4,4,4,2,4,1,3,0,0,0,4,0,4,2
15061601,3,3,3,4,0,3,1,2,1,1,1,3,1,4,2
15061602,3,3,3,2,1,3,0,2,1,1,1,2,0,4,1
15061604,3,3,3,4,2,4,0,3,1,1,1,3,2,4,3
15061608,4,3,3,4,3,4,0,2,1,1,1,3,1,4,2
15061609,3,3,3,3,1,3,1,2,1,1,1,4,0,4,1
15061610,3,3,3,4,0,3,1,2,1,1,1,3,1,4,2
15061614,4,3,4,4,2,4,0,2,0,0,0,3,2,3,2
15061621,3,4,4,3,3,4,0,2,0,0,0,4,0,4,3
15061622,3,4,4,2,2,4,1,2,0,0,0,3,1,3,2
15061626,4,4,4,2,2,4,0,1,0,0,0,2,1,NA,1
15061627,3,4,4,2,2,2,2,2,0,0,0,3,2,2,2
15061628,4,3,3,3,1,4,0,2,1,1,1,3,1,4,3
15061629,4,4,4,3,1,4,0,1,0,0,0,3,1,4,3
15061630,4,3,3,3,1,3,1,1,1,1,1,4,2,3,3
15061632,4,3,4,4,2,4,0,2,0,0,0,3,2,3,2
15061633,3,4,4,4,2,4,1,2,0,0,0,3,0,4,1
15061638,3,4,4,2,1,3,1,2,0,0,0,3,1,3,1
15061639,3,3,3,3,3,3,1,3,1,1,1,3,3,2,3
15061640,3,4,4,2,1,3,1,2,0,0,0,3,1,4,1
15061641,3,3,3,3,3,3,1,3,1,1,1,3,3,2,3
15061642,3,4,4,2,1,3,1,2,0,0,0,3,1,3,1
15061645,3,4,4,2,1,3,1,2,0,0,0,3,1,4,1
15061646,4,3,3,3,1,3,1,2,1,1,1,3,1,4,0
15061649,4,2,3,3,1,4,0,2,1,1,1,2,0,4,2
15061650,4,3,3,4,1,4,0,0,1,1,1,3,2,3,3
15061651,3,3,3,3,0,3,1,2,1,1,1,3,1,4,2
15061653,2,2,3,4,0,3,1,2,1,1,1,4,0,4,2
15061654,4,3,4,4,2,4,0,2,0,0,0,3,2,3,2
15061658,4,3,4,3,2,4,0,2,0,0,0,3,2,3,2
15061659,4,3,3,4,3,4,0,2,1,1,1,3,1,4,2
15061665,2,2,2,3,2,2,1,4,2,2,2,3,1,3,2
15061666,4,3,4,2,2,4,0,3,0,0,0,3,2,3,4
15061667,3,4,4,3,2,4,0,2,0,0,0,4,0,4,3
15061668,2,2,2,3,2,2,1,4,2,2,2,3,1,3,1
15061669,3,4,4,3,1,4,0,2,0,0,0,3,0,4,2
15061670,3,3,3,3,3,3,1,3,1,1,1,3,3,2,3
15061671,3,4,4,3,1,3,1,3,0,0,0,4,2,3,1
15061673,4,4,4,3,2,3,1,2,0,0,0,4,1,NA,3
15061677,3,3,3,2,1,3,1,2,1,1,1,4,1,3,1
15061678,3,3,3,2,1,3,1,2,1,1,1,4,1,3,1
15061679,4,3,4,2,2,4,0,1,0,0,0,3,0,4,2
15061680,3,3,3,3,3,3,1,3,1,1,1,3,3,2,3
15061682,3,4,4,2,1,3,1,2,0,0,0,3,1,3,1
15061683,3,3,3,4,0,3,1,3,1,1,1,3,1,4,3
15061684,3,4,4,2,3,4,0,0,0,0,0,3,1,3,1
15061686,3,3,3,4,0,3,1,2,1,1,1,3,1,4,2
15061687,4,3,3,3,1,3,1,2,1,1,1,2,1,4,1
15061688,3,3,3,4,0,3,1,2,1,1,1,3,1,4,2
15061690,3,3,3,2,1,3,1,2,1,1,1,4,1,3,1
15061702,3,4,4,2,1,3,1,2,0,0,0,3,1,4,1
15061706,4,3,3,3,2,4,0,1,1,1,1,3,4,2,2
15061707,4,2,3,3,1,3,1,2,1,1,1,3,1,3,0
15061709,3,4,4,3,2,4,0,2,0,0,0,3,0,4,2
15061712,4,3,3,3,1,3,1,3,1,1,1,4,2,4,3
15061714,4,4,4,3,1,4,0,1,0,0,0,4,2,3,3
15061717,4,4,4,2,2,3,1,2,0,0,0,2,1,3,2
15061719,4,3,3,3,1,3,1,2,1,1,1,3,1,4,0
15061720,4,4,4,3,1,4,0,0,0,0,0,4,2,3,3
15061722,3,3,3,3,2,4,1,3,0,0,1,4,1,4,2
15061723,3,4,4,3,3,4,0,2,0,0,0,4,0,4,3
15061724,3,4,4,3,2,4,0,1,0,0,0,3,1,3,3
15061725,4,4,4,3,1,4,0,1,0,0,0,4,2,3,3
15061726,3,4,3,4,1,3,1,2,1,1,1,2,2,3,2
15061729,3,4,4,3,1,4,0,1,0,0,0,3,2,3,3
15061733,3,3,3,2,1,3,1,2,1,1,1,4,1,3,1
15061734,3,3,3,2,1,3,1,2,1,1,1,4,1,3,1
15061735,4,4,4,3,1,4,0,1,0,0,0,4,2,3,3
15061736,3,4,4,3,1,4,0,1,0,0,0,3,2,3,3
15061737,3,4,4,3,1,4,0,1,0,0,0,3,2,3,3
15061738,3,3,3,2,1,3,1,2,1,1,1,4,1,3,1
15061740,4,4,4,2,2,3,1,3,0,0,0,4,2,3,2
15061744,4,4,4,3,2,4,0,2,0,0,0,4,2,3,2
15061747,4,3,3,3,1,3,1,2,1,1,1,3,1,4,0
15061751,4,3,3,4,3,4,0,2,1,1,1,3,1,4,2
15061752,4,4,4,2,2,3,1,3,0,0,0,4,2,3,2
15061753,3,3,3,2,1,3,1,2,1,1,1,4,1,3,1
15061754,3,4,4,2,2,3,2,3,0,0,0,4,0,4,3
15061755,4,4,4,2,1,3,1,2,0,0,0,4,2,3,2
15061756,4,4,4,2,1,3,1,2,0,0,0,4,2,3,2
15061757,4,3,4,2,2,4,0,1,0,0,0,3,0,4,2
15061758,3,4,4,3,2,3,1,2,0,0,0,4,2,2,3
15061760,3,4,4,3,1,4,0,1,0,0,0,3,2,3,3
15061761,4,3,3,3,0,3,1,2,1,1,1,3,1,4,0
15061762,4,3,3,3,2,3,1,2,1,1,1,4,2,3,3
15061764,4,3,3,3,1,4,0,2,1,1,1,3,1,4,3
15061766,3,4,4,1,1,3,1,1,0,0,0,3,2,3,0
15061769,3,4,4,2,2,4,0,3,0,0,0,4,1,3,3
15061771,3,3,3,2,1,3,1,2,1,1,1,4,1,3,1
15061772,4,3,3,2,1,4,0,2,1,1,1,3,2,3,2
15061773,4,3,2,3,1,4,0,1,1,1,1,4,4,1,4
15061776,3,4,4,4,2,4,1,3,0,0,0,4,0,4,2
15061777,4,3,4,2,2,4,0,1,0,0,0,3,0,4,2
15061784,3,3,3,2,1,3,1,2,1,1,1,4,1,3,1
15061785,4,4,4,3,2,2,2,2,0,0,0,3,2,2,3
15061788,4,4,4,1,2,4,0,3,0,0,0,4,2,3,4
15061789,3,4,4,4,2,4,1,3,0,0,0,4,0,4,2
15061790,4,3,4,2,2,4,0,1,0,0,0,3,0,4,2
15061795,4,3,3,3,1,3,1,1,1,1,1,4,2,3,3
15061797,3,3,3,2,1,3,1,2,1,1,1,4,1,3,1
15061798,4,3,3,4,0,3,3,4,1,1,1,4,3,4,2
15061799,4,3,4,2,2,4,0,1,0,0,0,3,0,4,2
15061800,4,4,4,4,3,4,0,2,0,0,0,3,2,4,3
15061811,3,4,4,2,1,3,1,2,0,0,0,3,1,3,1
15061813,3,4,4,4,2,4,1,3,0,0,0,4,0,4,2
15061814,3,3,3,3,3,3,1,3,1,1,1,3,3,2,3
15061815,4,3,4,4,2,4,0,2,0,0,0,3,2,3,2
15061826,4,3,3,4,0,3,3,4,1,1,1,4,3,4,1
15061905,2,2,2,4,1,3,1,2,2,2,2,3,2,3,2
15061906,4,4,4,2,1,3,1,2,0,0,0,3,1,4,1
15061907,3,4,4,4,2,4,1,1,0,0,0,3,3,4,3
15061908,2,4,4,2,1,3,1,2,0,0,0,3,1,3,1
15061909,2,4,4,4,2,3,1,2,0,0,0,4,1,3,2
15061910,4,3,4,4,2,4,0,2,0,0,0,3,2,3,2
15061911,3,3,3,4,1,3,1,2,1,1,1,3,1,4,2
15061915,3,3,3,4,1,3,1,2,1,1,1,3,1,4,2
15061917,2,2,3,4,0,3,1,2,1,1,1,4,0,4,2
15061918,4,3,3,4,3,4,0,2,1,1,1,3,1,4,2
15061926,4,3,4,4,2,4,0,2,0,0,0,3,2,3,2
15061927,3,4,3,4,3,4,0,3,0,0,0,4,2,3,1
15061929,4,4,3,3,3,4,0,1,0,0,0,4,1,4,3
15061930,4,3,3,4,3,4,0,2,1,1,1,3,1,4,2
15061933,3,3,3,4,0,3,1,2,1,1,1,3,1,4,2
15061934,3,4,4,3,1,4,0,1,0,0,0,3,2,3,3
15061937,4,4,4,2,1,4,0,3,0,0,0,4,1,4,1
15061939,3,3,3,2,1,3,1,2,1,1,1,4,1,3,1
15061941,3,4,4,3,1,4,0,2,0,0,0,3,0,4,2
15061944,3,2,4,3,1,4,0,1,0,0,0,4,1,3,0
15061945,2,2,3,4,0,3,1,2,1,1,1,4,0,4,2
15061948,3,3,3,4,0,3,1,2,1,1,1,3,1,4,2
15061949,2,2,3,4,1,3,1,1,1,1,1,3,1,4,0
15061951,2,2,3,4,0,3,1,2,1,1,1,4,0,4,2
15061952,3,4,4,3,1,4,0,1,0,0,0,3,2,3,3
15061953,3,3,3,3,1,3,1,2,1,1,1,4,0,4,1
15061954,2,2,3,4,0,3,1,2,1,1,1,4,0,4,2
15061957,4,4,4,3,2,3,1,4,0,0,0,4,2,4,1
15061958,4,4,4,0,2,4,0,0,0,0,0,3,1,3,1
15061960,4,4,4,2,1,3,1,2,0,0,0,3,1,4,1
15061961,3,3,3,3,1,3,1,2,1,1,1,4,0,4,1
15061964,4,3,3,3,1,3,1,2,1,1,1,3,1,4,0
15061965,3,3,3,2,1,3,1,1,1,0,1,2,1,3,1
15061966,4,3,3,3,2,4,0,2,1,1,1,3,3,2,2
15061967,4,3,3,4,1,3,1,3,1,1,1,3,0,4,2
15061968,4,3,4,2,2,4,0,1,0,0,0,3,0,4,2
15061969,2,3,2,4,2,4,0,3,2,2,2,2,2,4,2
15062036,3,3,3,4,2,4,0,2,1,1,1,4,2,2,2
15062038,2,2,3,4,0,3,1,2,1,1,1,4,0,4,2
15062039,2,2,2,4,1,3,1,2,2,2,2,3,2,3,2
15062050,4,3,3,4,1,4,0,1,1,1,1,4,1,3,2
15062051,2,2,3,4,0,3,1,2,1,1,1,4,0,4,2
15062052,2,2,3,4,0,3,1,2,1,1,1,4,0,4,2
15062053,2,2,2,4,1,3,1,2,2,2,2,3,2,3,2
15062063,3,3,3,4,0,3,1,2,1,1,1,3,1,4,2
15062067,2,3,2,4,2,4,0,3,2,2,2,2,2,4,2
15062069,4,4,4,1,2,4,0,3,0,0,0,4,2,3,4
15062071,4,3,3,3,1,3,1,2,1,1,1,3,1,4,0
15062080,3,NA,4,3,2,4,0,3,0,0,1,3,2,3,2
15062081,4,4,4,2,1,3,1,2,0,0,0,3,2,3,0
15062092,3,3,3,4,0,3,1,2,1,1,1,3,1,4,2
15062094,3,3,3,3,1,3,1,2,1,1,1,4,0,4,1
15062097,3,4,4,2,1,3,1,2,0,0,0,3,1,3,1
15062100,3,4,4,4,2,4,0,2,0,0,0,4,2,4,2
15062101,3,4,4,3,2,4,0,2,0,0,0,4,0,4,3
15062102,4,3,3,3,2,4,0,1,1,1,1,4,1,3,1
15062103,4,4,4,1,1,2,2,2,0,0,0,4,0,4,1
15062105,3,3,3,3,0,3,1,2,1,1,1,4,0,4,1
15062106,3,3,3,2,1,3,1,2,1,1,1,4,1,3,1
15062107,3,3,3,3,0,3,1,2,1,1,1,3,1,4,2
15062108,3,3,3,2,1,3,1,2,1,1,1,4,1,3,1
15062109,2,2,3,4,0,3,1,2,1,1,1,4,0,4,2
15062112,3,3,3,3,1,3,1,2,1,1,1,4,0,4,1
15062115,4,4,4,2,2,4,0,0,0,0,0,4,2,3,1
15062117,2,2,3,4,0,3,1,2,1,1,1,4,0,4,2
15062118,2,2,3,4,0,3,1,2,1,1,1,4,0,4,2
15062119,3,3,3,2,1,3,1,2,1,1,1,4,1,4,2
15062122,4,3,4,2,2,4,0,3,0,0,0,3,2,3,4
15062124,4,3,3,3,1,4,0,2,1,1,1,3,1,4,3
15062126,3,3,3,2,1,3,1,2,1,1,1,4,0,4,1
15062133,4,3,3,3,2,3,1,2,1,1,1,4,2,3,3
15062136,3,4,4,3,2,4,0,2,0,0,0,4,2,2,3
15062139,4,4,4,3,1,4,0,1,0,0,0,4,2,3,3
15062143,3,4,4,3,2,4,0,2,0,0,0,4,0,4,3
15062144,3,3,3,3,1,3,1,2,1,1,1,4,0,4,1
15062145,4,2,3,3,1,3,1,2,1,1,1,3,1,3,0
15062146,4,3,3,3,1,3,1,1,1,1,1,4,2,3,3
15062147,4,4,4,3,1,4,0,1,0,0,0,4,2,3,3
15062149,4,4,4,3,1,4,0,1,0,0,0,4,2,3,3
15062150,3,4,4,3,3,4,2,4,0,0,0,4,0,4,3
15062151,4,4,4,3,0,3,1,2,0,0,0,3,2,4,3
15062152,3,3,3,2,1,3,1,2,1,1,1,4,1,3,1
15062153,3,3,3,2,1,3,1,2,1,1,1,4,1,3,1
15062332,4,3,3,4,3,4,0,2,1,1,1,3,1,4,2
15062333,4,4,4,2,1,4,0,0,0,0,0,2,0,4,1
15062334,4,3,3,4,3,4,0,2,1,1,1,3,1,4,2
15062335,4,4,4,2,3,4,0,3,0,0,0,4,1,3,2
15062337,2,2,3,4,0,3,1,2,1,1,1,4,0,4,2
15062338,2,2,3,4,0,3,1,2,1,1,1,4,0,4,2
15062339,4,4,3,4,4,4,0,2,0,0,0,3,2,4,3
15062344,3,4,4,3,4,3,1,4,0,0,0,4,1,3,1
15062346,3,4,4,1,1,3,1,0,0,0,0,3,2,2,2
15062347,4,3,3,2,1,4,0,2,1,1,1,3,2,3,2
15062349,3,3,3,2,1,3,1,2,1,1,1,4,1,4,2
15062350,2,2,3,4,1,3,1,1,1,1,1,3,1,4,0
15062351,4,3,3,3,2,3,1,2,1,1,1,4,2,3,3
15062353,3,4,4,3,1,4,0,2,0,0,0,3,0,4,2
15062354,2,2,3,4,0,3,1,2,1,1,1,4,0,4,2
15062356,4,3,3,3,2,3,1,1,1,1,1,4,2,3,3
15062357,3,3,3,3,1,3,1,2,1,1,1,4,0,4,1
15062358,3,3,3,2,1,3,1,3,1,1,1,4,1,3,1
15062359,2,2,2,3,2,2,1,4,1,2,2,3,1,3,1
15062360,2,3,2,4,2,4,0,3,2,2,2,2,2,4,2
15062361,2,4,4,2,1,3,1,2,0,0,0,3,1,3,1
15062363,2,2,2,4,1,3,1,2,2,2,2,3,2,3,2
15062366,4,3,3,3,0,3,3,4,1,1,1,4,3,4,1
15062367,4,4,4,2,2,4,0,0,0,0,0,4,2,3,1
15062368,2,2,3,4,0,3,1,2,1,1,1,4,0,4,2
15062369,4,4,4,3,1,4,0,1,0,0,0,4,2,3,3
15062371,4,3,3,4,3,4,0,2,1,1,1,3,1,4,2
